{"name":"SDUI5Leaflet","properties":[{"Key":"ParentID","DisplayName":"ParentID","FieldType":"String","DefaultValue":"","Description":"The ParentID of this component","List":""},{"Key":"TypeOf","DisplayName":"Type Of","FieldType":"String","DefaultValue":"normal","Description":"Type Of","List":"legend|normal"},{"Key":"Label","DisplayName":"Label","FieldType":"String","DefaultValue":"","Description":"Label","List":""},{"Key":"LayerType","DisplayName":"Layer Type","FieldType":"String","DefaultValue":"openstreetmap","Description":"Layer Type","List":"openstreetmap|google-roadmap|google-satellite|google-hybrid|google-terrain|other"},{"Key":"Geonames","DisplayName":"Geonames","FieldType":"Boolean","DefaultValue":"False","Description":"Geonames","List":""},{"Key":"Height","DisplayName":"Height","FieldType":"String","DefaultValue":"500px","Description":"Height","List":""},{"Key":"Width","DisplayName":"Width","FieldType":"String","DefaultValue":"500px","Description":"Width","List":""},{"Key":"Lat","DisplayName":"Lat","FieldType":"String","DefaultValue":"0","Description":"Lat","List":""},{"Key":"Lng","DisplayName":"Lng","FieldType":"String","DefaultValue":"0","Description":"Lng","List":""},{"Key":"MaxZoom","DisplayName":"Max Zoom","FieldType":"Int","DefaultValue":"19","Description":"Max Zoom","List":""},{"Key":"Zoom","DisplayName":"Zoom","FieldType":"Int","DefaultValue":"5","Description":"Zoom","List":""},{"Key":"CenterFieldSet","DisplayName":"Center in FieldSet","FieldType":"Boolean","DefaultValue":"True","Description":"Centered in FieldSet","List":""},{"Key":"CurrentCaption","DisplayName":"Current Caption","FieldType":"String","DefaultValue":"Current Location","Description":"Current Caption","List":""},{"Key":"CurrentColor","DisplayName":"Current Color","FieldType":"String","DefaultValue":"primary","Description":"Current Color","List":""},{"Key":"CurrentTextColor","DisplayName":"Current Text Color","FieldType":"String","DefaultValue":"white","Description":"Current Text Color","List":""},{"Key":"StartTrackingCaption","DisplayName":"Start Tracking Caption","FieldType":"String","DefaultValue":"Start Tracking","Description":"Start Tracking Caption","List":""},{"Key":"StartTrackingColor","DisplayName":"Start Tracking Color","FieldType":"String","DefaultValue":"success","Description":"Start Tracking Color","List":""},{"Key":"StartTrackingTextColor","DisplayName":"Start Tracking Text Color","FieldType":"String","DefaultValue":"white","Description":"Start Tracking Text Color","List":""},{"Key":"StopTrackingCaption","DisplayName":"Stop Tracking Caption","FieldType":"String","DefaultValue":"Stop Tracking","Description":"Stop Tracking Caption","List":""},{"Key":"StopTrackingColor","DisplayName":"Stop Tracking Color","FieldType":"String","DefaultValue":"error","Description":"Stop Tracking Color","List":""},{"Key":"StopTrackingTextColor","DisplayName":"Stop Tracking Text Color","FieldType":"String","DefaultValue":"white","Description":"Stop Tracking Text Color","List":""},{"Key":"Visible","DisplayName":"Visible","FieldType":"Boolean","DefaultValue":"True","Description":"If visible.","List":""},{"Key":"Enabled","DisplayName":"Enabled","FieldType":"Boolean","DefaultValue":"True","Description":"If enabled.","List":""},{"Key":"PositionStyle","DisplayName":"Position Style","FieldType":"String","DefaultValue":"none","Description":"Position","List":"absolute|fixed|none|relative|static|sticky"},{"Key":"Position","DisplayName":"Position Locations","FieldType":"String","DefaultValue":"t=?; b=?; r=?; l=?","Description":"Position Locations","List":""},{"Key":"MarginAXYTBLR","DisplayName":"Margins","FieldType":"String","DefaultValue":"a=?; x=?; y=?; t=?; b=?; l=?; r=?","Description":"Margins A(all)-X(LR)-Y(TB)-T-B-L-R","List":""},{"Key":"PaddingAXYTBLR","DisplayName":"Paddings","FieldType":"String","DefaultValue":"a=?; x=?; y=?; t=?; b=?; l=?; r=?","Description":"Paddings A(all)-X(LR)-Y(TB)-T-B-L-R","List":""},{"Key":"RawClasses","DisplayName":"Classes (;)","FieldType":"String","DefaultValue":"","Description":"Classes added to the HTML tag.","List":""},{"Key":"RawStyles","DisplayName":"Styles (JSON)","FieldType":"String","DefaultValue":"","Description":"Styles added to the HTML tag. Must be a json String use = and ;","List":""},{"Key":"RawAttributes","DisplayName":"Attributes (JSON)","FieldType":"String","DefaultValue":"","Description":"Attributes added to the HTML tag. Must be a json String use = and ;","List":""}],"events":[{"name":"BaseLayerChange (e As Map)"},{"name":"OverlayAdd (e As Map)"},{"name":"OverlayRemove (e As Map)"},{"name":"LayerAdd (e As Map)"},{"name":"LayerRemove (e As Map)"},{"name":"ZoomLevelsChange (e As Map)"},{"name":"Resize (e As Map)"},{"name":"Unload (e As Map)"},{"name":"ViewReset (e As Map)"},{"name":"Load (e As Map)"},{"name":"ZoomStart (e As Map)"},{"name":"MoveStart (e As Map)"},{"name":"Zoom (e As Map)"},{"name":"Move (e As Map)"},{"name":"ZoomEnd (e As Map)"},{"name":"MoveEnd (e As Map)"},{"name":"PopupOpen (e As Map)"},{"name":"PopupClose (e As Map)"},{"name":"AutopanStart (e As Map)"},{"name":"TooltipOpen (e As Map)"},{"name":"TooltipClose (e As Map)"},{"name":"LocationError (e As Map)"},{"name":"LocationFound (e As Map)"},{"name":"Click (e As Map)"},{"name":"DblClick (e As Map)"},{"name":"MouseDown (e As Map)"},{"name":"MouseUp (e As Map)"},{"name":"MouseOver (e As Map)"},{"name":"MouseOut (e As Map)"},{"name":"MouseMove (e As Map)"},{"name":"ContextMenu (e As Map)"},{"name":"Keypress (e As Map)"},{"name":"PreClick (e As Map)"},{"name":"ZoomAnim (e As Map)"},{"name":"MarkerDragStart (e As Map)"},{"name":"MarkerDrag (e As Map)"},{"name":"MarkerDragEnd (e As Map)"},{"name":"MarkerClick (e As Map)"},{"name":"MarkerDblclick (e As Map)"},{"name":"MarkerMouseDown (e As Map)"},{"name":"MarkerMouseUp (e As Map)"},{"name":"MarkerMouseOver (e As Map)"},{"name":"MarkerMouseOut (e As Map)"},{"name":"MarkerContextMenu (e As Map)"},{"name":"MarkerAdd (e As Map)"},{"name":"MarkerRemove (e As Map)"},{"name":"MarkerPopupOpen (e As Map)"},{"name":"MarkerPopupClose (e As Map)"},{"name":"MarkerTooltipOpen (e As Map)"},{"name":"MarkerTooltipClose (e As Map)"}],"methods":[{"name":"Class_Globals","signature":"Class_Globals"},{"name":"Initialize","signature":"Initialize (Callback As Object, Name As String, EventName As String)"},{"name":"getID","signature":"getID() As String"},{"name":"SetProperties","signature":"SetProperties(props As Map)"},{"name":"GetProperties","signature":"GetProperties As Map"},{"name":"AddComponent","signature":"AddComponent"},{"name":"Remove","signature":"Remove()"},{"name":"setParentID","signature":"setParentID(s As String)"},{"name":"getParentID","signature":"getParentID As String"},{"name":"getHere","signature":"getHere() As String"},{"name":"setVisible","signature":"setVisible(b As Boolean)"},{"name":"getVisible","signature":"getVisible As Boolean"},{"name":"setEnabled","signature":"setEnabled(b As Boolean)"},{"name":"getEnabled","signature":"getEnabled As Boolean"},{"name":"OnEvent","signature":"OnEvent(event As String, methodName As String)"},{"name":"setPositionStyle","signature":"setPositionStyle(s As String)"},{"name":"getPositionStyle","signature":"getPositionStyle As String"},{"name":"setPosition","signature":"setPosition(s As String)"},{"name":"getPosition","signature":"getPosition As String"},{"name":"setAttributes","signature":"setAttributes(s As String)"},{"name":"setStyles","signature":"setStyles(s As String)"},{"name":"setClasses","signature":"setClasses(s As String)"},{"name":"setPaddingAXYTBLR","signature":"setPaddingAXYTBLR(s As String)"},{"name":"setMarginAXYTBLR","signature":"setMarginAXYTBLR(s As String)"},{"name":"getAttributes","signature":"getAttributes As String"},{"name":"getStyles","signature":"getStyles As String"},{"name":"getClasses","signature":"getClasses As String"},{"name":"getPaddingAXYTBLR","signature":"getPaddingAXYTBLR As String"},{"name":"getMarginAXYTBLR","signature":"getMarginAXYTBLR As String"},{"name":"DesignerCreateView","signature":"DesignerCreateView (Target As BANanoElement, Props As Map)"},{"name":"setCurrentCaption\t\t\t\t","signature":"setCurrentCaption(s As String)\t\t\t\t"},{"name":"getCurrentCaption","signature":"getCurrentCaption As String"},{"name":"setStartTrackingCaption\t\t\t\t","signature":"setStartTrackingCaption(s As String)\t\t\t\t"},{"name":"getStartTrackingCaption","signature":"getStartTrackingCaption As String"},{"name":"setStopTrackingCaption\t\t\t\t","signature":"setStopTrackingCaption(s As String)\t\t\t\t"},{"name":"getStopTrackingCaption","signature":"getStopTrackingCaption As String"},{"name":"setCurrentColor\t\t\t\t\t\t","signature":"setCurrentColor(s As String)\t\t\t\t\t\t"},{"name":"setCurrentTextColor\t\t\t\t\t\t","signature":"setCurrentTextColor(s As String)\t\t\t\t\t\t"},{"name":"setStartTrackingColor\t\t\t\t\t","signature":"setStartTrackingColor(s As String)\t\t\t\t\t"},{"name":"setStartTrackingTextColor\t\t\t\t\t","signature":"setStartTrackingTextColor(s As String)\t\t\t\t\t"},{"name":"setStopTrackingColor\t\t\t\t\t\t","signature":"setStopTrackingColor(s As String)\t\t\t\t\t\t"},{"name":"setStopTrackingTextColor\t\t\t\t\t","signature":"setStopTrackingTextColor(s As String)\t\t\t\t\t"},{"name":"getCurrentColor","signature":"getCurrentColor As String"},{"name":"getCurrentTextColor","signature":"getCurrentTextColor As String"},{"name":"getStartTrackingColor","signature":"getStartTrackingColor As String"},{"name":"getStartTrackingTextColor","signature":"getStartTrackingTextColor As String"},{"name":"getStopTrackingColor","signature":"getStopTrackingColor As String"},{"name":"getStopTrackingTextColor","signature":"getStopTrackingTextColor As String"},{"name":"setCenterFieldSet\t\t\t","signature":"setCenterFieldSet(b As Boolean)\t\t\t"},{"name":"getCenterFieldSet","signature":"getCenterFieldSet As Boolean"},{"name":"setLabel","signature":"setLabel(s As String)"},{"name":"getLabel","signature":"getLabel As String"},{"name":"setTypeOf","signature":"setTypeOf(s As String)"},{"name":"getTypeOf","signature":"getTypeOf As String"},{"name":"InvalidateSize","signature":"InvalidateSize"},{"name":"Refresh","signature":"Refresh"},{"name":"SetStyle","signature":"SetStyle(m As Map)"},{"name":"getContainer","signature":"getContainer As BANanoElement"},{"name":"SetMarkerStyle","signature":"SetMarkerStyle(markerID As String, m As Map)"},{"name":"SetCircleStyle","signature":"SetCircleStyle(markerID As String, m As Map)"},{"name":"PanTo","signature":"PanTo(Lat As Double, Lng As Double)"},{"name":"setLayerType\t\t\t\t","signature":"setLayerType(s As String)\t\t\t\t"},{"name":"SetView\t\t\t\t\t","signature":"SetView(Lat As Double, Lng As Double, Zoom As Int)\t\t\t\t\t"},{"name":"GetDistance","signature":"GetDistance(lat1 As Double, lng1 As Double, lat2 As Double, lng2 As Double) As Object"},{"name":"FlyTo\t\t\t\t\t","signature":"FlyTo(Lat As Double, Lng As Double, Zoom As Int)\t\t\t\t\t"},{"name":"getLayerType","signature":"getLayerType As String"},{"name":"Destroy","signature":"Destroy"},{"name":"Clear","signature":"Clear"},{"name":"AddShapeFile","signature":"AddShapeFile(shpID As String, shpPath As String)"},{"name":"RemoveMarkers","signature":"RemoveMarkers"},{"name":"RemoveShapeFiles","signature":"RemoveShapeFiles"},{"name":"RemoveShapeFile","signature":"RemoveShapeFile(shpID As String)"},{"name":"RemoveCircles","signature":"RemoveCircles"},{"name":"RemovePolyLines","signature":"RemovePolyLines"},{"name":"RemovePolyGons","signature":"RemovePolyGons"},{"name":"RemovePopUps","signature":"RemovePopUps"},{"name":"RemovePopUp","signature":"RemovePopUp(markerID As String)"},{"name":"setGeonames","signature":"setGeonames(b As Boolean)"},{"name":"setHeight","signature":"setHeight(s As String)"},{"name":"setMaxZoom","signature":"setMaxZoom(i As Int)"},{"name":"setWidth","signature":"setWidth(s As String)"},{"name":"setZoom","signature":"setZoom(i As Int)"},{"name":"getGeonames","signature":"getGeonames As Boolean"},{"name":"getHeight","signature":"getHeight As String"},{"name":"getMaxZoom","signature":"getMaxZoom As Int"},{"name":"getWidth","signature":"getWidth As String"},{"name":"getZoom","signature":"getZoom As Int"},{"name":"AddRectangle","signature":"AddRectangle(markerID As String, lat1 As Double, lng1 As Double, lat2 As Double, lng2 As Double) As BANanoObject"},{"name":"AddCircle","signature":"AddCircle(markerID As String, markerLat As Double, markerLng As Double, Color As String, fillColor As String, fillOpacity As Double, Radius As Int) As BANanoObject"},{"name":"AddIcon","signature":"AddIcon(iconID As String, iconURL As String, widthPx As Int, heightPx As Int, anchorX As Int, anchorY As Int, popupAnchorX As Int, popupAnchorY As Int) As BANanoObject"},{"name":"AddImage","signature":"AddImage(imgID As String, imgURL As String, southWestLat As Double, southWestLon As Double, northEastLat As Double, northEastLon As Double) As BANanoObject"},{"name":"SetMarkerIcon","signature":"SetMarkerIcon(markerID As String, iconID As String)"},{"name":"AddMarker","signature":"AddMarker(markerID As String, markerLat As Double, markerLng As Double) As BANanoObject"},{"name":"AddPolygon","signature":"AddPolygon(polygonID As String, color As String, fillColor As String, fillOpacity As Double) As BANanoObject"},{"name":"AddPolyline","signature":"AddPolyline(polyID As String, color As String, weight As Int, opacity As Double) As BANanoObject"},{"name":"AddPolylineMarker","signature":"AddPolylineMarker(polyID As String, Lat As Double, Lng As Double) As SDUI5Leaflet"},{"name":"RefreshPolyline","signature":"RefreshPolyline(polyID As String) As BANanoObject"},{"name":"ClearPolygon","signature":"ClearPolygon(polygonID As String)"},{"name":"ClearPolygonObj","signature":"ClearPolygonObj(poly As BANanoObject)"},{"name":"ClearPolylineObj","signature":"ClearPolylineObj(poly As BANanoObject)"},{"name":"ClearPolyline","signature":"ClearPolyline(ID As String)"},{"name":"AddPolygonMarker","signature":"AddPolygonMarker(polygonID As String, Lat As Double, Lng As Double) As SDUI5Leaflet"},{"name":"AddPolygonMarkerObj","signature":"AddPolygonMarkerObj(poly As BANanoObject, Lat As Double, Lng As Double) As SDUI5Leaflet"},{"name":"AddPolylineMarkerObj","signature":"AddPolylineMarkerObj(poly As BANanoObject, Lat As Double, Lng As Double) As SDUI5Leaflet"},{"name":"RefreshPolygonObj","signature":"RefreshPolygonObj(poly As BANanoObject)"},{"name":"RefreshPolylineObj","signature":"RefreshPolylineObj(poly As BANanoObject)"},{"name":"RefreshPolygon","signature":"RefreshPolygon(polygonID As String) As BANanoObject"},{"name":"RemoveMarker","signature":"RemoveMarker(markerID As String)"},{"name":"RemoveImage","signature":"RemoveImage(imgID As String)"},{"name":"RemoveCircle","signature":"RemoveCircle(markerID As String)"},{"name":"RemoveRectangle","signature":"RemoveRectangle(markerID As String)"},{"name":"RemovePolygon","signature":"RemovePolygon(markerID As String)"},{"name":"RemovePolyline","signature":"RemovePolyline(markerID As String)"},{"name":"RemoveMarkerObj","signature":"RemoveMarkerObj(MarkerObject As BANanoObject) As SDUI5Leaflet"},{"name":"RemoveCircleObj","signature":"RemoveCircleObj(MarkerObject As BANanoObject) As SDUI5Leaflet"},{"name":"RemovePolygonObj","signature":"RemovePolygonObj(MarkerObject As BANanoObject) As SDUI5Leaflet"},{"name":"PolylineFitToBounds","signature":"PolylineFitToBounds(polyID As String)"},{"name":"CircleFitToBounds","signature":"CircleFitToBounds(polyID As String)"},{"name":"PolygonFitToBounds","signature":"PolygonFitToBounds(polyID As String)"},{"name":"GetPolylineBounds","signature":"GetPolylineBounds(polyID As String) As Object"},{"name":"GetCircleBounds","signature":"GetCircleBounds(id As String) As Object"},{"name":"GetMarkerBounds","signature":"GetMarkerBounds(id As String) As Object"},{"name":"SetMarkerRotationOrigin","signature":"SetMarkerRotationOrigin(id As String, rotationOrigin As Float)"},{"name":"SetMarkerRotationAngle","signature":"SetMarkerRotationAngle(id As String, rotationAngle As Float)"},{"name":"GetCircleRadius","signature":"GetCircleRadius(id As String) As Int"},{"name":"FitBounds","signature":"FitBounds(target As Object)"},{"name":"RemovePolylineObj","signature":"RemovePolylineObj(MarkerObject As BANanoObject) As SDUI5Leaflet"},{"name":"SetMarkerDraggable","signature":"SetMarkerDraggable(markerID As String, Draggable As Boolean) As SDUI5Leaflet"},{"name":"SetDraggableObj","signature":"SetDraggableObj(MarkerObject As BANanoObject, Draggable As Boolean)  As SDUI5Leaflet"},{"name":"SetMarkerAutoPan","signature":"SetMarkerAutoPan(markerID As String, AutoPan As Boolean)  As SDUI5Leaflet"},{"name":"SetAutoPanObj","signature":"SetAutoPanObj(MarkerObject As BANanoObject, AutoPan As Boolean)  As SDUI5Leaflet"},{"name":"SetMarkerTooltip","signature":"SetMarkerTooltip(markerID As String, Tooltip As String)  As SDUI5Leaflet"},{"name":"SetPolygonTooltip","signature":"SetPolygonTooltip(markerID As String, Tooltip As String)  As SDUI5Leaflet"},{"name":"SetCircleTooltip","signature":"SetCircleTooltip(markerID As String, Tooltip As String)  As SDUI5Leaflet"},{"name":"SetTooltipObj","signature":"SetTooltipObj(MarkerObject As BANanoObject, Tooltip As String)  As SDUI5Leaflet"},{"name":"SetMarkerPopup","signature":"SetMarkerPopup(markerID As String, Popup As String)  As SDUI5Leaflet"},{"name":"SetPopupObj","signature":"SetPopupObj(MarkerObject As BANanoObject, Popup As String)  As SDUI5Leaflet"},{"name":"SetCirclePopup","signature":"SetCirclePopup(markerID As String, Popup As String)  As SDUI5Leaflet"},{"name":"SetPolygonPopup","signature":"SetPolygonPopup(markerID As String, Popup As String)  As SDUI5Leaflet"},{"name":"BindMarkerEvent","signature":"BindMarkerEvent(MarkerObject As BANanoObject, Event As String, EventHandler As Object, Callback As String)"},{"name":"UnbindMarkerEvent","signature":"UnbindMarkerEvent(MarkerObject As BANanoObject, Event As String, EventHandler As Object, Callback As String)"},{"name":"Locate","signature":"Locate(bWatch As Boolean, bSetView As Boolean, bEnableHighAccuracy As Boolean)"},{"name":"StopLocate","signature":"StopLocate"}]}