{"name":"SDUI5Column","properties":[{"Key":"ParentID","DisplayName":"ParentID","FieldType":"String","DefaultValue":"","Description":"The ParentID of this component","List":""},{"Key":"Size","DisplayName":"Size","FieldType":"String","DefaultValue":"12","Description":"Size","List":""},{"Key":"SizeSm","DisplayName":"SM Size","FieldType":"String","DefaultValue":"","Description":"SM Size","List":""},{"Key":"SizeMd","DisplayName":"MD Size","FieldType":"String","DefaultValue":"","Description":"MD Size","List":""},{"Key":"SizeLg","DisplayName":"LG Size","FieldType":"String","DefaultValue":"","Description":"LG Size","List":""},{"Key":"SizeXl","DisplayName":"XL Size","FieldType":"String","DefaultValue":"","Description":"XL Size","List":""},{"Key":"SizeXxl","DisplayName":"XXL Size","FieldType":"String","DefaultValue":"","Description":"XXL Size","List":""},{"Key":"OffsetSm","DisplayName":"SM Offset","FieldType":"String","DefaultValue":"","Description":"SM Offset","List":""},{"Key":"OffsetMd","DisplayName":"MD Offset","FieldType":"String","DefaultValue":"","Description":"MD Offset","List":""},{"Key":"OffsetLg","DisplayName":"LG Offset","FieldType":"String","DefaultValue":"","Description":"LG Offset","List":""},{"Key":"OffsetXl","DisplayName":"XL Offset","FieldType":"String","DefaultValue":"","Description":"XL Offset","List":""},{"Key":"OffsetXxl","DisplayName":"XXL Offset","FieldType":"String","DefaultValue":"","Description":"XXL Offset","List":""},{"Key":"Order","DisplayName":"Order","FieldType":"String","DefaultValue":"","Description":"Order","List":""},{"Key":"Text","DisplayName":"Text","FieldType":"String","DefaultValue":"","Description":"Text","List":""},{"Key":"TextAlign","DisplayName":"Text Align","FieldType":"String","DefaultValue":"none","Description":"Text Align","List":"center|end|justify|left|none|right|start"},{"Key":"TextColor","DisplayName":"Text Color","FieldType":"String","DefaultValue":"","Description":"Text Color","List":""},{"Key":"BackgroundColor","DisplayName":"Background Color","FieldType":"String","DefaultValue":"","Description":"Background Color","List":""},{"Key":"Height","DisplayName":"Height","FieldType":"String","DefaultValue":"","Description":"Height","List":""},{"Key":"Width","DisplayName":"Width","FieldType":"String","DefaultValue":"","Description":"Width","List":""},{"Key":"Rounded","DisplayName":"Rounded","FieldType":"String","DefaultValue":"none","Description":"Rounded","List":"none|rounded|2xl|3xl|full|lg|md|sm|xl|0"},{"Key":"Shadow","DisplayName":"Shadow","FieldType":"String","DefaultValue":"none","Description":"Shadow","List":"2xl|inner|lg|md|none|shadow|sm|xl"},{"Key":"CenterChildren","DisplayName":"Center Children","FieldType":"Boolean","DefaultValue":"False","Description":"Center Children","List":""},{"Key":"AlignContent","DisplayName":"Align Content","FieldType":"String","DefaultValue":"none","Description":"Align Content","List":"around|baseline|between|center|end|evenly|none|normal|start|stretch"},{"Key":"AlignItems","DisplayName":"Align Items","FieldType":"String","DefaultValue":"none","Description":"Align Items","List":"baseline|center|end|none|start|stretch"},{"Key":"AlignSelf","DisplayName":"Align Self","FieldType":"String","DefaultValue":"none","Description":"Align Self","List":"auto|baseline|center|end|none|start|stretch"},{"Key":"JustifyContent","DisplayName":"Justify Content","FieldType":"String","DefaultValue":"none","Description":"Justify Content","List":"around|baseline|between|center|end|evenly|none|normal|start|stretch"},{"Key":"JustifyItems","DisplayName":"Justify Items","FieldType":"String","DefaultValue":"none","Description":"Justify Items","List":"center|end|none|normal|start|stretch"},{"Key":"JustifySelf","DisplayName":"Justify Self","FieldType":"String","DefaultValue":"none","Description":"Justify Self","List":"auto|center|end|none|start|stretch"},{"Key":"PlaceContent","DisplayName":"Place Content","FieldType":"String","DefaultValue":"none","Description":"Place Content","List":"around|baseline|between|center|end|evenly|none|start|stretch"},{"Key":"PlaceItems","DisplayName":"Place Items","FieldType":"String","DefaultValue":"none","Description":"Place Items","List":"baseline|center|end|none|start|stretch"},{"Key":"PlaceSelf","DisplayName":"Place Self","FieldType":"String","DefaultValue":"none","Description":"Place Self","List":"auto|center|end|none|start|stretch"},{"Key":"Visible","DisplayName":"Visible","FieldType":"Boolean","DefaultValue":"True","Description":"If visible.","List":""},{"Key":"Enabled","DisplayName":"Enabled","FieldType":"Boolean","DefaultValue":"True","Description":"If enabled.","List":""},{"Key":"PositionStyle","DisplayName":"Position Style","FieldType":"String","DefaultValue":"none","Description":"Position","List":"absolute|fixed|none|relative|static|sticky"},{"Key":"Position","DisplayName":"Position Locations","FieldType":"String","DefaultValue":"t=?; b=?; r=?; l=?","Description":"Position Locations","List":""},{"Key":"RawBorderColor","DisplayName":"Border Colors","FieldType":"String","DefaultValue":"a=?; t=?; r=?; b=?; l=?; tl=?; tr=?; bl=?; br=?; x=?; y=?","Description":"Border Colors","List":""},{"Key":"RawBorderStyle","DisplayName":"Border Styles","FieldType":"String","DefaultValue":"a=?; t=?; r=?; b=?; l=?; tl=?; tr=?; bl=?; br=?; x=?; y=?","Description":"Border Styles","List":""},{"Key":"RawBorderWidth","DisplayName":"Border Widths","FieldType":"String","DefaultValue":"a=?; t=?; r=?; b=?; l=?; tl=?; tr=?; bl=?; br=?; x=?; y=?","Description":"Border Widths","List":""},{"Key":"RawBorderRadius","DisplayName":"Border Radius","FieldType":"String","DefaultValue":"a=?; t=?; r=?; b=?; l=?; tl=?; tr=?; bl=?; br=?; x=?; y=?","Description":"Border Radius","List":""},{"Key":"MarginAXYTBLR","DisplayName":"Margins","FieldType":"String","DefaultValue":"a=?; x=?; y=?; t=?; b=?; l=?; r=?","Description":"Margins A(all)-X(LR)-Y(TB)-T-B-L-R","List":""},{"Key":"PaddingAXYTBLR","DisplayName":"Paddings","FieldType":"String","DefaultValue":"a=2; x=?; y=?; t=?; b=?; l=?; r=?","Description":"Paddings A(all)-X(LR)-Y(TB)-T-B-L-R","List":""},{"Key":"RawClasses","DisplayName":"Classes (;)","FieldType":"String","DefaultValue":"","Description":"Classes added to the HTML tag.","List":""},{"Key":"RawStyles","DisplayName":"Styles (JSON)","FieldType":"String","DefaultValue":"","Description":"Styles added to the HTML tag. Must be a json String use = and ;","List":""},{"Key":"RawAttributes","DisplayName":"Attributes (JSON)","FieldType":"String","DefaultValue":"","Description":"Attributes added to the HTML tag. Must be a json String use = and ;","List":""}],"events":[],"methods":[{"name":"Class_Globals","signature":"Class_Globals"},{"name":"Initialize","signature":"Initialize (Callback As Object, Name As String, EventName As String)"},{"name":"getID","signature":"getID() As String"},{"name":"SetProperties","signature":"SetProperties(props As Map)"},{"name":"GetProperties","signature":"GetProperties As Map"},{"name":"AddComponent","signature":"AddComponent"},{"name":"Remove","signature":"Remove()"},{"name":"setParentID","signature":"setParentID(s As String)"},{"name":"getParentID","signature":"getParentID As String"},{"name":"getHere","signature":"getHere() As String"},{"name":"setVisible","signature":"setVisible(b As Boolean)"},{"name":"getVisible","signature":"getVisible As Boolean"},{"name":"setEnabled","signature":"setEnabled(b As Boolean)"},{"name":"getEnabled","signature":"getEnabled As Boolean"},{"name":"setPositionStyle","signature":"setPositionStyle(s As String)"},{"name":"getPositionStyle","signature":"getPositionStyle As String"},{"name":"setPosition","signature":"setPosition(s As String)"},{"name":"getPosition","signature":"getPosition As String"},{"name":"setAttributes","signature":"setAttributes(s As String)"},{"name":"setStyles","signature":"setStyles(s As String)"},{"name":"setClasses","signature":"setClasses(s As String)"},{"name":"setPaddingAXYTBLR","signature":"setPaddingAXYTBLR(s As String)"},{"name":"setMarginAXYTBLR","signature":"setMarginAXYTBLR(s As String)"},{"name":"getAttributes","signature":"getAttributes As String"},{"name":"getStyles","signature":"getStyles As String"},{"name":"getClasses","signature":"getClasses As String"},{"name":"getPaddingAXYTBLR","signature":"getPaddingAXYTBLR As String"},{"name":"getMarginAXYTBLR","signature":"getMarginAXYTBLR As String"},{"name":"setText","signature":"setText(text As String)"},{"name":"getText","signature":"getText As String"},{"name":"DesignerCreateView","signature":"DesignerCreateView (Target As BANanoElement, Props As Map)"},{"name":"setAlignContent","signature":"setAlignContent(s As String)"},{"name":"setAlignItems","signature":"setAlignItems(s As String)"},{"name":"setAlignSelf","signature":"setAlignSelf(s As String)"},{"name":"setJustifyContent","signature":"setJustifyContent(s As String)"},{"name":"setJustifyItems","signature":"setJustifyItems(s As String)"},{"name":"setJustifySelf","signature":"setJustifySelf(s As String)"},{"name":"setPlaceContent","signature":"setPlaceContent(s As String)"},{"name":"setPlaceItems","signature":"setPlaceItems(s As String)"},{"name":"setPlaceSelf","signature":"setPlaceSelf(s As String)"},{"name":"getAlignContent","signature":"getAlignContent As String"},{"name":"getAlignItems","signature":"getAlignItems As String"},{"name":"getAlignSelf","signature":"getAlignSelf As String"},{"name":"getJustifyContent","signature":"getJustifyContent As String"},{"name":"getJustifyItems","signature":"getJustifyItems As String"},{"name":"getJustifySelf","signature":"getJustifySelf As String"},{"name":"getPlaceContent","signature":"getPlaceContent As String"},{"name":"getPlaceItems","signature":"getPlaceItems As String"},{"name":"getPlaceSelf","signature":"getPlaceSelf As String"},{"name":"setCenterChildren","signature":"setCenterChildren(b As Boolean)"},{"name":"getCenterChildren","signature":"getCenterChildren As Boolean"},{"name":"setBackgroundColor","signature":"setBackgroundColor(s As String)"},{"name":"setHeight","signature":"setHeight(s As String)"},{"name":"setOffsetLg","signature":"setOffsetLg(s As String)"},{"name":"setOffsetMd","signature":"setOffsetMd(s As String)"},{"name":"setOffsetSm","signature":"setOffsetSm(s As String)"},{"name":"setOffsetXl","signature":"setOffsetXl(s As String)"},{"name":"setOffsetXxl","signature":"setOffsetXxl(s As String)"},{"name":"getOffsetXxl","signature":"getOffsetXxl As String"},{"name":"setOrder","signature":"setOrder(s As String)"},{"name":"setSize\t\t\t\t\t","signature":"setSize(s As String)\t\t\t\t\t"},{"name":"setSizeLg","signature":"setSizeLg(s As String)"},{"name":"setSizeMd","signature":"setSizeMd(s As String)"},{"name":"setSizeSm","signature":"setSizeSm(s As String)"},{"name":"setSizeXl","signature":"setSizeXl(s As String)"},{"name":"setSizeXxl","signature":"setSizeXxl(s As String)"},{"name":"setTextColor","signature":"setTextColor(s As String)"},{"name":"setWidth","signature":"setWidth(s As String)"},{"name":"getBackgroundColor","signature":"getBackgroundColor As String"},{"name":"getHeight","signature":"getHeight As String"},{"name":"getOffsetLg","signature":"getOffsetLg As String"},{"name":"getOffsetMd","signature":"getOffsetMd As String"},{"name":"getOffsetSm","signature":"getOffsetSm As String"},{"name":"getOffsetXl","signature":"getOffsetXl As String"},{"name":"getOrder","signature":"getOrder As String"},{"name":"getSize","signature":"getSize As String"},{"name":"getSizeLg","signature":"getSizeLg As String"},{"name":"getSizeMd","signature":"getSizeMd As String"},{"name":"getSizeSm","signature":"getSizeSm As String"},{"name":"getSizeXl","signature":"getSizeXl As String"},{"name":"getSizeXxl","signature":"getSizeXxl As String"},{"name":"getTextColor","signature":"getTextColor As String"},{"name":"getWidth","signature":"getWidth As String"},{"name":"GetComputedWidth","signature":"GetComputedWidth As String"},{"name":"setBorderColor\t\t\t\t","signature":"setBorderColor(s As String)\t\t\t\t"},{"name":"getBorderColor","signature":"getBorderColor As String"},{"name":"setBorderStyle\t\t\t\t\t","signature":"setBorderStyle(s As String)\t\t\t\t\t"},{"name":"getBorderStyle","signature":"getBorderStyle As String"},{"name":"setBorderWidth\t\t\t","signature":"setBorderWidth(s As String)\t\t\t"},{"name":"getBorderWidth","signature":"getBorderWidth As String"},{"name":"setBorderRadius\t\t\t","signature":"setBorderRadius(s As String)\t\t\t"},{"name":"getBorderRadius","signature":"getBorderRadius As String"},{"name":"setRounded","signature":"setRounded(s As String)"},{"name":"setShadow","signature":"setShadow(s As String)"},{"name":"getRounded","signature":"getRounded As String"},{"name":"getShadow","signature":"getShadow As String"},{"name":"setTextAlign","signature":"setTextAlign(s As String)"},{"name":"getTextAlign","signature":"getTextAlign As String"},{"name":"Clear","signature":"Clear"},{"name":"Append","signature":"Append(s As String)"},{"name":"RemoveClass","signature":"RemoveClass(s As String)"},{"name":"AddClass","signature":"AddClass(s As String)"},{"name":"AddStyle","signature":"AddStyle(k As String, v As String)"},{"name":"AddAttribute","signature":"AddAttribute(k As String, v As String)"}]}