{"name":"SDUI5BottomDrawer","properties":[{"Key":"ParentID","DisplayName":"ParentID","FieldType":"String","DefaultValue":"","Description":"The ParentID of this component","List":""},{"Key":"Open","DisplayName":"Open","FieldType":"Boolean","DefaultValue":"False","Description":"Open","List":""},{"Key":"BackgroundColor","DisplayName":"Background Color","FieldType":"String","DefaultValue":"bg-base-200","Description":"Background Color","List":""},{"Key":"Breakpoints","DisplayName":"Breakpoints","FieldType":"String","DefaultValue":"0;0.1;0.2;0.3;0.4;0.5;0.7;0.8;1","Description":"Breakpoints","List":""},{"Key":"InitialBreakpoint","DisplayName":"Initial Breakpoint","FieldType":"String","DefaultValue":"0.5","Description":"Initial Breakpoint","List":""},{"Key":"Duration","DisplayName":"Duration","FieldType":"Int","DefaultValue":"300","Description":"Duration","List":""},{"Key":"ShowHandle","DisplayName":"Show Handle","FieldType":"Boolean","DefaultValue":"True","Description":"Show Handle","List":""},{"Key":"HandleBg","DisplayName":"Handle Background","FieldType":"String","DefaultValue":"bg-base-300","Description":"Handle Background","List":""},{"Key":"HandleShadow","DisplayName":"Handle Shadow","FieldType":"String","DefaultValue":"md","Description":"Handle Shadow","List":"2xl|inner|lg|md|none|shadow|sm|xl"},{"Key":"MaxWidth","DisplayName":"Max Width","FieldType":"String","DefaultValue":"100%","Description":"Max Width","List":""},{"Key":"Width","DisplayName":"Width","FieldType":"String","DefaultValue":"100%","Description":"Width","List":""},{"Key":"Showbackdrop","DisplayName":"Showbackdrop","FieldType":"Boolean","DefaultValue":"True","Description":"Show Backdrop","List":""},{"Key":"BackdropColor","DisplayName":"Backdrop Color","FieldType":"String","DefaultValue":"#00000052","Description":"Backdrop Color","List":""},{"Key":"Backdropdismiss","DisplayName":"Backdropdismiss","FieldType":"Boolean","DefaultValue":"True","Description":"Backdrop Dismiss","List":""}],"events":[],"methods":[{"name":"Class_Globals","signature":"Class_Globals"},{"name":"Initialize","signature":"Initialize (Callback As Object, Name As String, EventName As String)"},{"name":"getID","signature":"getID() As String"},{"name":"SetProperties","signature":"SetProperties(props As Map)"},{"name":"GetProperties","signature":"GetProperties As Map"},{"name":"AddComponent","signature":"AddComponent"},{"name":"Remove","signature":"Remove()"},{"name":"setParentID","signature":"setParentID(s As String)"},{"name":"getParentID","signature":"getParentID As String"},{"name":"getHere","signature":"getHere() As String"},{"name":"OnEvent","signature":"OnEvent(event As String, methodName As String)"},{"name":"DesignerCreateView","signature":"DesignerCreateView (Target As BANanoElement, Props As Map)"},{"name":"setBackdropColor","signature":"setBackdropColor(s As String)"},{"name":"setBackdropdismiss","signature":"setBackdropdismiss(b As Boolean)"},{"name":"setBackgroundColor","signature":"setBackgroundColor(s As String)"},{"name":"setBreakpoints","signature":"setBreakpoints(s As String)"},{"name":"setDuration","signature":"setDuration(i As Int)"},{"name":"setHandleBg","signature":"setHandleBg(s As String)"},{"name":"setHandleShadow","signature":"setHandleShadow(s As String)"},{"name":"setInitialBreakpoint","signature":"setInitialBreakpoint(s As String)"},{"name":"setMaxWidth","signature":"setMaxWidth(s As String)"},{"name":"setOpen","signature":"setOpen(b As Boolean)"},{"name":"setShowHandle","signature":"setShowHandle(b As Boolean)"},{"name":"setShowbackdrop","signature":"setShowbackdrop(b As Boolean)"},{"name":"setWidth","signature":"setWidth(s As String)"},{"name":"Show","signature":"Show"},{"name":"ShowOnBreakPoint","signature":"ShowOnBreakPoint(bp As Double)"},{"name":"Hide","signature":"Hide"},{"name":"getBackdropColor","signature":"getBackdropColor As String"},{"name":"getBackdropdismiss","signature":"getBackdropdismiss As Boolean"},{"name":"getBackgroundColor","signature":"getBackgroundColor As String"},{"name":"getBreakpoints","signature":"getBreakpoints As String"},{"name":"getDuration","signature":"getDuration As Int"},{"name":"getHandleBg","signature":"getHandleBg As String"},{"name":"getHandleShadow","signature":"getHandleShadow As String"},{"name":"getInitialBreakpoint","signature":"getInitialBreakpoint As String"},{"name":"getMaxWidth","signature":"getMaxWidth As String"},{"name":"getOpen","signature":"getOpen As Boolean"},{"name":"getShowHandle","signature":"getShowHandle As Boolean"},{"name":"getShowbackdrop","signature":"getShowbackdrop As Boolean"},{"name":"getWidth","signature":"getWidth As String"}]}