{"name":"SDUI5CheckBox","properties":[{"Key":"ParentID","DisplayName":"ParentID","FieldType":"String","DefaultValue":"","Description":"The ParentID of this component","List":""},{"Key":"CheckBoxType","DisplayName":"CheckBox Type","FieldType":"String","DefaultValue":"normal","Description":"CheckBox Type","List":"legend|normal|left-label|right-label"},{"Key":"Legend","DisplayName":"Legend","FieldType":"String","DefaultValue":"Options","Description":"Legend","List":""},{"Key":"LegendColor","DisplayName":"Legend Color","FieldType":"String","DefaultValue":"","Description":"Legend Color","List":""},{"Key":"Label","DisplayName":"Label","FieldType":"String","DefaultValue":"CheckBox","Description":"Label","List":""},{"Key":"LabelColor","DisplayName":"Label Color","FieldType":"String","DefaultValue":"","Description":"Legend Color","List":""},{"Key":"TermsConditionsCaption","DisplayName":"Terms Conditions Caption","FieldType":"String","DefaultValue":"","Description":"Terms Conditions Caption","List":""},{"Key":"TermsConditionsUrl","DisplayName":"Terms Conditions Url","FieldType":"String","DefaultValue":"","Description":"Terms Conditions Url","List":""},{"Key":"PrivacyPolicyCaption","DisplayName":"Privacy Policy Caption","FieldType":"String","DefaultValue":"","Description":"Privacy Policy Caption","List":""},{"Key":"PrivacyPolicyUrl","DisplayName":"Privacy Policy Url","FieldType":"String","DefaultValue":"","Description":"Privacy Policy Url","List":""},{"Key":"Color","DisplayName":"Color","FieldType":"String","DefaultValue":"none","Description":"Color","List":"accent|error|info|neutral|none|primary|secondary|success|warning"},{"Key":"Size","DisplayName":"Size","FieldType":"String","DefaultValue":"none","Description":"Size","List":"lg|md|none|sm|xl|xs"},{"Key":"Checked","DisplayName":"Checked","FieldType":"Boolean","DefaultValue":"False","Description":"Checked","List":""},{"Key":"Value","DisplayName":"Value","FieldType":"String","DefaultValue":"","Description":"Value","List":""},{"Key":"CheckedColor","DisplayName":"Checked Color","FieldType":"String","DefaultValue":"","Description":"Checked Color","List":""},{"Key":"CheckedMarkColor","DisplayName":"Checked Mark Color","FieldType":"String","DefaultValue":"","Description":"Checked Mark Color","List":""},{"Key":"UncheckedColor","DisplayName":"Unchecked Color","FieldType":"String","DefaultValue":"","Description":"Unchecked Color","List":""},{"Key":"Hint","DisplayName":"Hint","FieldType":"String","DefaultValue":"","Description":"Hint","List":""},{"Key":"Indeterminate","DisplayName":"Indeterminate","FieldType":"Boolean","DefaultValue":"False","Description":"Indeterminate","List":""},{"Key":"Required","DisplayName":"Required","FieldType":"Boolean","DefaultValue":"False","Description":"Required","List":""},{"Key":"ThemeController","DisplayName":"Theme Controller","FieldType":"Boolean","DefaultValue":"False","Description":"Theme Controller","List":""},{"Key":"Validator","DisplayName":"Validator","FieldType":"Boolean","DefaultValue":"False","Description":"Validator","List":""},{"Key":"ValidatorHint","DisplayName":"Validator Hint","FieldType":"String","DefaultValue":"","Description":"Validator Hint","List":""},{"Key":"BackgroundColor","DisplayName":"Background Color","FieldType":"String","DefaultValue":"base-200","Description":"Background Color","List":""},{"Key":"Border","DisplayName":"Border","FieldType":"Boolean","DefaultValue":"True","Description":"Border","List":""},{"Key":"BorderColor","DisplayName":"Border Color","FieldType":"String","DefaultValue":"base-300","Description":"Border Color","List":""},{"Key":"RoundedBox","DisplayName":"Rounded Box","FieldType":"Boolean","DefaultValue":"False","Description":"Rounded Box","List":""},{"Key":"Shadow","DisplayName":"Shadow","FieldType":"String","DefaultValue":"none","Description":"Shadow","List":"2xl|inner|lg|md|none|shadow|sm|xl"},{"Key":"Visible","DisplayName":"Visible","FieldType":"Boolean","DefaultValue":"True","Description":"If visible.","List":""},{"Key":"Enabled","DisplayName":"Enabled","FieldType":"Boolean","DefaultValue":"True","Description":"If enabled.","List":""},{"Key":"PositionStyle","DisplayName":"Position Style","FieldType":"String","DefaultValue":"none","Description":"Position","List":"absolute|fixed|none|relative|static|sticky"},{"Key":"Position","DisplayName":"Position Locations","FieldType":"String","DefaultValue":"t=?; b=?; r=?; l=?","Description":"Position Locations","List":""},{"Key":"MarginAXYTBLR","DisplayName":"Margins","FieldType":"String","DefaultValue":"a=?; x=?; y=?; t=?; b=?; l=?; r=?","Description":"Margins A(all)-X(LR)-Y(TB)-T-B-L-R","List":""},{"Key":"PaddingAXYTBLR","DisplayName":"Paddings","FieldType":"String","DefaultValue":"a=?; x=?; y=?; t=?; b=?; l=?; r=?","Description":"Paddings A(all)-X(LR)-Y(TB)-T-B-L-R","List":""},{"Key":"RawClasses","DisplayName":"Classes (;)","FieldType":"String","DefaultValue":"","Description":"Classes added to the HTML tag.","List":""},{"Key":"RawStyles","DisplayName":"Styles (JSON)","FieldType":"String","DefaultValue":"","Description":"Styles added to the HTML tag. Must be a json String use = and ;","List":""},{"Key":"RawAttributes","DisplayName":"Attributes (JSON)","FieldType":"String","DefaultValue":"","Description":"Attributes added to the HTML tag. Must be a json String use = and ;","List":""}],"events":[{"name":"Change (Value As Boolean)"}],"methods":[{"name":"Class_Globals","signature":"Class_Globals"},{"name":"Initialize","signature":"Initialize (Callback As Object, Name As String, EventName As String)"},{"name":"getID","signature":"getID() As String"},{"name":"SetProperties","signature":"SetProperties(props As Map)"},{"name":"GetProperties","signature":"GetProperties As Map"},{"name":"AddComponent","signature":"AddComponent"},{"name":"Remove","signature":"Remove()"},{"name":"setParentID","signature":"setParentID(s As String)"},{"name":"getParentID","signature":"getParentID As String"},{"name":"getHere","signature":"getHere() As String"},{"name":"setLegendColor\t\t\t","signature":"setLegendColor(s As String)\t\t\t"},{"name":"getLegendColor","signature":"getLegendColor As String"},{"name":"setLabelColor\t\t\t","signature":"setLabelColor(s As String)\t\t\t"},{"name":"getLabelColor","signature":"getLabelColor As String"},{"name":"setVisible","signature":"setVisible(b As Boolean)"},{"name":"getVisible","signature":"getVisible As Boolean"},{"name":"setEnabled\t\t\t","signature":"setEnabled(b As Boolean)\t\t\t"},{"name":"getEnabled","signature":"getEnabled As Boolean"},{"name":"setPositionStyle","signature":"setPositionStyle(s As String)"},{"name":"getPositionStyle","signature":"getPositionStyle As String"},{"name":"setPosition","signature":"setPosition(s As String)"},{"name":"getPosition","signature":"getPosition As String"},{"name":"setAttributes","signature":"setAttributes(s As String)"},{"name":"setStyles","signature":"setStyles(s As String)"},{"name":"setClasses","signature":"setClasses(s As String)"},{"name":"setPaddingAXYTBLR","signature":"setPaddingAXYTBLR(s As String)"},{"name":"setMarginAXYTBLR","signature":"setMarginAXYTBLR(s As String)"},{"name":"getAttributes","signature":"getAttributes As String"},{"name":"getStyles","signature":"getStyles As String"},{"name":"getClasses","signature":"getClasses As String"},{"name":"getPaddingAXYTBLR","signature":"getPaddingAXYTBLR As String"},{"name":"getMarginAXYTBLR","signature":"getMarginAXYTBLR As String"},{"name":"DesignerCreateView","signature":"DesignerCreateView (Target As BANanoElement, Props As Map)"},{"name":"setValue\t\t\t","signature":"setValue(s As String)\t\t\t"},{"name":"getValue","signature":"getValue As String"},{"name":"setThemeController\t\t\t","signature":"setThemeController(b As Boolean)\t\t\t"},{"name":"getThemeController","signature":"getThemeController As Boolean"},{"name":"Focus","signature":"Focus"},{"name":"setBackgroundColor\t\t\t","signature":"setBackgroundColor(s As String)\t\t\t"},{"name":"setBorder\t\t\t\t","signature":"setBorder(b As Boolean)\t\t\t\t"},{"name":"setBorderColor\t\t\t","signature":"setBorderColor(s As String)\t\t\t"},{"name":"setRoundedBox\t\t\t","signature":"setRoundedBox(b As Boolean)\t\t\t"},{"name":"setShadow\t\t\t\t\t","signature":"setShadow(s As String)\t\t\t\t\t"},{"name":"getBackgroundColor","signature":"getBackgroundColor As String"},{"name":"getBorder","signature":"getBorder As Boolean"},{"name":"getBorderColor","signature":"getBorderColor As String"},{"name":"getRoundedBox","signature":"getRoundedBox As Boolean"},{"name":"getShadow","signature":"getShadow As String"},{"name":"setCheckBoxType","signature":"setCheckBoxType(s As String)"},{"name":"getCheckBoxType","signature":"getCheckBoxType As String"},{"name":"setCheckedMarkColor\t\t\t","signature":"setCheckedMarkColor(s As String)\t\t\t"},{"name":"getCheckedMarkColor","signature":"getCheckedMarkColor As String"},{"name":"setChecked\t\t\t","signature":"setChecked(b As Boolean)\t\t\t"},{"name":"setCheckedColor\t\t\t\t","signature":"setCheckedColor(s As String)\t\t\t\t"},{"name":"setColor\t\t\t","signature":"setColor(s As String)\t\t\t"},{"name":"setHint","signature":"setHint(s As String)"},{"name":"HintError\t\t\t","signature":"HintError(s As String)\t\t\t"},{"name":"setIndeterminate\t\t\t\t","signature":"setIndeterminate(b As Boolean)\t\t\t\t"},{"name":"setLabel","signature":"setLabel(s As String)"},{"name":"setLegend","signature":"setLegend(s As String)"},{"name":"setRequired\t\t\t","signature":"setRequired(b As Boolean)\t\t\t"},{"name":"setSize\t\t\t\t","signature":"setSize(s As String)\t\t\t\t"},{"name":"setUncheckedColor","signature":"setUncheckedColor(s As String)"},{"name":"setValidator","signature":"setValidator(b As Boolean)"},{"name":"setValidatorHint","signature":"setValidatorHint(s As String)"},{"name":"getChecked","signature":"getChecked As Boolean"},{"name":"getCheckedColor","signature":"getCheckedColor As String"},{"name":"getColor","signature":"getColor As String"},{"name":"getHint","signature":"getHint As String"},{"name":"getIndeterminate","signature":"getIndeterminate As Boolean"},{"name":"getLabel","signature":"getLabel As String"},{"name":"getLegend","signature":"getLegend As String"},{"name":"getRequired","signature":"getRequired As Boolean"},{"name":"getSize","signature":"getSize As String"},{"name":"getUncheckedColor","signature":"getUncheckedColor As String"},{"name":"getValidator","signature":"getValidator As Boolean"},{"name":"getValidatorHint","signature":"getValidatorHint As String"},{"name":"IsBlank","signature":"IsBlank As Boolean"},{"name":"ResetValidation","signature":"ResetValidation"},{"name":"setPrivacyPolicyCaption","signature":"setPrivacyPolicyCaption(s As String)"},{"name":"setPrivacyPolicyUrl","signature":"setPrivacyPolicyUrl(s As String)"},{"name":"setTermsConditionsCaption","signature":"setTermsConditionsCaption(s As String)"},{"name":"setTermsConditionsUrl","signature":"setTermsConditionsUrl(s As String)"},{"name":"getPrivacyPolicyCaption","signature":"getPrivacyPolicyCaption As String"},{"name":"getPrivacyPolicyUrl","signature":"getPrivacyPolicyUrl As String"},{"name":"getTermsConditionsCaption","signature":"getTermsConditionsCaption As String"},{"name":"getTermsConditionsUrl","signature":"getTermsConditionsUrl As String"}]}