{"name":"SDUI5Table","properties":[{"Key":"ReadMe","DisplayName":"ReadMe","FieldType":"String","DefaultValue":"Child Item _toolbar|_actions","Description":"Child Item _toolbar|_actions","List":""},{"Key":"ParentID","DisplayName":"ParentID","FieldType":"String","DefaultValue":"","Description":"The ParentID of this div","List":""},{"Key":"Title","DisplayName":"Title","FieldType":"String","DefaultValue":"Table","Description":"Title","List":""},{"Key":"TitleVisible","DisplayName":"Title Visible","FieldType":"Boolean","DefaultValue":"True","Description":"Title Visible","List":""},{"Key":"Icon","DisplayName":"Title Icon","FieldType":"String","DefaultValue":"","Description":"Title Icon","List":""},{"Key":"IconColor","DisplayName":"Title Icon Color","FieldType":"String","DefaultValue":"","Description":"Title Icon Color","List":""},{"Key":"IconSize","DisplayName":"Title Icon Size","FieldType":"String","DefaultValue":"32px","Description":"Title Icon Size","List":""},{"Key":"IconVisible","DisplayName":"Title Icon Visible","FieldType":"Boolean","DefaultValue":"False","Description":"Title Icon Visible","List":""},{"Key":"ExcelTitle","DisplayName":"Export Title","FieldType":"String","DefaultValue":"Table","Description":"Title for Excel Reports","List":""},{"Key":"PageSize","DisplayName":"PDF Page Size","FieldType":"String","DefaultValue":"a4","Description":"Page Size for pdf printing","List":"a0|a1|a10|a10|a2|a3|a4|a5|a6|a7|a8|a9|b0|b1|b10|b10|b2|b3|b4|b5|b6|b7|b8|b9|c0|c1|c10|c10|c2|c3|c4|c5|c6|c7|c8|c9|credit-card|dl|government-letter|junior-legal|ledger|legal|letter|tabloid"},{"Key":"FontSize","DisplayName":"PDF Font Size","FieldType":"String","DefaultValue":"11","Description":"Font Size for pdf printing","List":""},{"Key":"Unit","DisplayName":"PDF Unit","FieldType":"String","DefaultValue":"pt","Description":"Unit for pdf reporting","List":"cm|in|m|mm|pt|px"},{"Key":"Orientation","DisplayName":"PDF Orientation","FieldType":"String","DefaultValue":"landscape","Description":"Orientation for pdf reporting","List":"landscape|potrait"},{"Key":"PageBreakRepeat","DisplayName":"PDF PageBreakRepeat","FieldType":"String","DefaultValue":"","Description":"Field For Page Break Repeat","List":""},{"Key":"PdfTheme","DisplayName":"PDF Theme","FieldType":"String","DefaultValue":"striped","Description":"Pdf theme","List":"css|grid|none|plain|striped"},{"Key":"ItemsPerPage","DisplayName":"Items Per Page","FieldType":"String","DefaultValue":"10","Description":"Items Per Page","List":""},{"Key":"ListViewMode","DisplayName":"ListView Mode","FieldType":"Boolean","DefaultValue":"False","Description":"ListView Mode","List":""},{"Key":"TrapRowClick","DisplayName":"Trap Row Click","FieldType":"Boolean","DefaultValue":"False","Description":"Trap Row Click","List":""},{"Key":"HasFilter","DisplayName":"Has Filter","FieldType":"Boolean","DefaultValue":"False","Description":"Has Filter","List":""},{"Key":"HasExpand","DisplayName":"Has Expand","FieldType":"Boolean","DefaultValue":"False","Description":"Has Expand","List":""},{"Key":"TableSize","DisplayName":"Table Size","FieldType":"String","DefaultValue":"md","Description":"Table Size","List":"lg|md|sm|xs|none|xl"},{"Key":"NormalCase","DisplayName":"Normal Case Titles","FieldType":"Boolean","DefaultValue":"False","Description":"Columns Titles Is Normal Case","List":""},{"Key":"WrapHeadings","DisplayName":"Wrap Headings","FieldType":"Boolean","DefaultValue":"False","Description":"Wrap Headings","List":""},{"Key":"LowerCase","DisplayName":"Lower Case Keys","FieldType":"Boolean","DefaultValue":"False","Description":"Lower Case Keys","List":""},{"Key":"IsNormal","DisplayName":"Is Normal","FieldType":"Boolean","DefaultValue":"False","Description":"Is Normal","List":""},{"Key":"IsZebra","DisplayName":"Is Zebra","FieldType":"Boolean","DefaultValue":"False","Description":"Is Zebra","List":""},{"Key":"Pagination","DisplayName":"Pagination","FieldType":"Boolean","DefaultValue":"True","Description":"Pagination","List":""},{"Key":"BadgesOutlined","DisplayName":"Badges Outlined","FieldType":"Boolean","DefaultValue":"False","Description":"Badges Outlined","List":""},{"Key":"BadgesSize","DisplayName":"Badges Size","FieldType":"String","DefaultValue":"md","Description":"Badges Size","List":"lg|md|sm|xs|none"},{"Key":"ButtonSize","DisplayName":"Button Size","FieldType":"String","DefaultValue":"md","Description":"Button Size","List":"lg|md|sm|xs|none"},{"Key":"ComponentSize","DisplayName":"Component Size","FieldType":"String","DefaultValue":"sm","Description":"Button Size","List":"lg|md|sm|xs|none"},{"Key":"ButtonsOutlined","DisplayName":"Buttons Outlined","FieldType":"Boolean","DefaultValue":"False","Description":"Buttons Outlined","List":""},{"Key":"TooltipColor","DisplayName":"Tooltip Color","FieldType":"String","DefaultValue":"primary","Description":"Tooltip Color","List":""},{"Key":"Hover","DisplayName":"Hover","FieldType":"Boolean","DefaultValue":"False","Description":"Hover","List":""},{"Key":"SelectAll","DisplayName":"Select All","FieldType":"Boolean","DefaultValue":"False","Description":"Select All","List":""},{"Key":"HasSearch","DisplayName":"Has Search","FieldType":"Boolean","DefaultValue":"False","Description":"Has Search","List":""},{"Key":"SearchSize","DisplayName":"Search Size","FieldType":"String","DefaultValue":"md","Description":"Search Size","List":"lg|md|sm|xs|none"},{"Key":"SearchWidth","DisplayName":"Search Width","FieldType":"String","DefaultValue":"300px","Description":"Search Width","List":""},{"Key":"HasAddnew","DisplayName":"Has AddNew","FieldType":"Boolean","DefaultValue":"True","Description":"Has Addnew","List":""},{"Key":"AddNewTooltip","DisplayName":"AddNew Tooltip","FieldType":"String","DefaultValue":"","Description":"Add New Tooltip","List":""},{"Key":"HasSaveSingle","DisplayName":"Has Save Single","FieldType":"Boolean","DefaultValue":"False","Description":"Has Save on ToolBar","List":""},{"Key":"SaveSingleTooltip","DisplayName":"Save Single Tooltip","FieldType":"String","DefaultValue":"","Description":"Save Single Tooltip","List":""},{"Key":"HasDeleteSingle","DisplayName":"Has Delete Single","FieldType":"Boolean","DefaultValue":"False","Description":"Has Delete on ToolBar","List":""},{"Key":"DeleteSingleTooltip","DisplayName":"Delete Single Tooltip","FieldType":"String","DefaultValue":"","Description":"Delete Single Tooltip","List":""},{"Key":"HasRefresh","DisplayName":"Has Refresh","FieldType":"Boolean","DefaultValue":"True","Description":"Has Refresh","List":""},{"Key":"RefreshTooltip","DisplayName":"Refresh Tooltip","FieldType":"String","DefaultValue":"","Description":"Refresh Tooltip","List":""},{"Key":"HasDeleteAll","DisplayName":"Has Delete All","FieldType":"Boolean","DefaultValue":"False","Description":"Has Delete All","List":""},{"Key":"DeleteAllTooltip","DisplayName":"Delete All Tooltip","FieldType":"String","DefaultValue":"","Description":"Delete All Tooltip","List":""},{"Key":"HasToolbarUpload","DisplayName":"Has Toolbar Upload","FieldType":"Boolean","DefaultValue":"False","Description":"Has Toolbar Upload","List":""},{"Key":"UploadToolbarTooltip","DisplayName":"Upload Toolbar Tooltip","FieldType":"String","DefaultValue":"","Description":"Upload Toolbar Tooltip","List":""},{"Key":"HasToolbarDownload","DisplayName":"Has Toolbar Download","FieldType":"Boolean","DefaultValue":"False","Description":"Has Toolbar Download","List":""},{"Key":"DownloadToolbarTooltip","DisplayName":"Download Toolbar Tooltip","FieldType":"String","DefaultValue":"","Description":"Download Toolbar Tooltip","List":""},{"Key":"MultipleFiles","DisplayName":"Allow Multiple Files","FieldType":"Boolean","DefaultValue":"False","Description":"Allow Multiple Files to be Uploaded","List":""},{"Key":"HasExportMenu","DisplayName":"Has Export Menu","FieldType":"Boolean","DefaultValue":"False","Description":"Has Export Menu","List":""},{"Key":"ExportToCsv","DisplayName":"Export To Csv","FieldType":"Boolean","DefaultValue":"False","Description":"Has Export To Csv","List":""},{"Key":"ExportToCsvTooltip","DisplayName":"Export To Csv Tooltip","FieldType":"String","DefaultValue":"","Description":"Export To Csv Tooltip","List":""},{"Key":"ExportToPdf","DisplayName":"Export To Pdf","FieldType":"Boolean","DefaultValue":"False","Description":"Has Export To Pdf","List":""},{"Key":"ExportToPdfTooltip","DisplayName":"Export To Pdf Tooltip","FieldType":"String","DefaultValue":"","Description":"Export To Pdf Tooltip","List":""},{"Key":"ExportToXls","DisplayName":"Export To Xls","FieldType":"Boolean","DefaultValue":"False","Description":"Has Export To Xls","List":""},{"Key":"ExportToXlsTooltip","DisplayName":"Export To Xls Tooltip","FieldType":"String","DefaultValue":"","Description":"Export To Xls Tooltip","List":""},{"Key":"HasHelp","DisplayName":"Has Help","FieldType":"Boolean","DefaultValue":"False","Description":"Has Help","List":""},{"Key":"HelpTooltip","DisplayName":"Help Tooltip","FieldType":"String","DefaultValue":"","Description":"Help Tooltip","List":""},{"Key":"HasBack","DisplayName":"Has Back","FieldType":"Boolean","DefaultValue":"True","Description":"Has Back","List":""},{"Key":"BackTooltip","DisplayName":"Back Tooltip","FieldType":"String","DefaultValue":"","Description":"Back Tooltip","List":""},{"Key":"HasGrid","DisplayName":"Has Grid","FieldType":"Boolean","DefaultValue":"False","Description":"Has Grid","List":""},{"Key":"GridTooltip","DisplayName":"Grid Tooltip","FieldType":"String","DefaultValue":"","Description":"Grid Tooltip","List":""},{"Key":"HasAlphaChooser","DisplayName":"Has Alpha Chooser","FieldType":"Boolean","DefaultValue":"True","Description":"Has Alpha Chooser","List":""},{"Key":"AlphaChooserTextColor","DisplayName":"Alpha Chooser Text Color","FieldType":"String","DefaultValue":"#ffffff","Description":"Alpha Chooser Text Color","List":""},{"Key":"AlphaChooserColumn","DisplayName":"Alpha Chooser Column","FieldType":"String","DefaultValue":"name","Description":"Alpha Chooser Column","List":""},{"Key":"AlphaChooserHeight","DisplayName":"Alpha Chooser Height","FieldType":"String","DefaultValue":"8","Description":"Alpha Chooser Height","List":""},{"Key":"HasColumnChooser","DisplayName":"Has Column Chooser","FieldType":"Boolean","DefaultValue":"True","Description":"Has Column Chooser","List":""},{"Key":"ColumnChooserTextColor","DisplayName":"Column Chooser Text Color","FieldType":"String","DefaultValue":"#ffffff","Description":"Column Chooser Text Color","List":""},{"Key":"ColumnChooserHeight","DisplayName":"Column Chooser Height","FieldType":"String","DefaultValue":"8","Description":"Column Chooser Height","List":""},{"Key":"ColumnChooserColor","DisplayName":"Column Chooser Color","FieldType":"String","DefaultValue":"primary","Description":"Column Chooser Color","List":""},{"Key":"ShowTotalRecords","DisplayName":"Show Total Records","FieldType":"Boolean","DefaultValue":"True","Description":"Show Total Records","List":""},{"Key":"HasEdit","DisplayName":"Has Edit","FieldType":"Boolean","DefaultValue":"True","Description":"Has Edit","List":""},{"Key":"EditTooltip","DisplayName":"Edit Tooltip","FieldType":"String","DefaultValue":"","Description":"Edit Tooltip","List":""},{"Key":"HasClone","DisplayName":"Has Clone","FieldType":"Boolean","DefaultValue":"False","Description":"Has Clone","List":""},{"Key":"CloneTooltip","DisplayName":"Clone Tooltip","FieldType":"String","DefaultValue":"","Description":"Clone Tooltip","List":""},{"Key":"HasDelete","DisplayName":"Has Delete","FieldType":"Boolean","DefaultValue":"True","Description":"Has Delete","List":""},{"Key":"DeleteTooltip","DisplayName":"Delete Tooltip","FieldType":"String","DefaultValue":"","Description":"Delete Tooltip","List":""},{"Key":"HasUpload","DisplayName":"Has Upload","FieldType":"Boolean","DefaultValue":"False","Description":"Has Upload","List":""},{"Key":"UploadTooltip","DisplayName":"Upload Tooltip","FieldType":"String","DefaultValue":"","Description":"Upload Tooltip","List":""},{"Key":"HasDownload","DisplayName":"Has Download","FieldType":"Boolean","DefaultValue":"False","Description":"Has Download","List":""},{"Key":"DownloadTooltip","DisplayName":"Download Tooltip","FieldType":"String","DefaultValue":"","Description":"Download Tooltip","List":""},{"Key":"HasMenu","DisplayName":"Has Menu","FieldType":"Boolean","DefaultValue":"False","Description":"Has Menu","List":""},{"Key":"MenuTooltip","DisplayName":"Menu Tooltip","FieldType":"String","DefaultValue":"","Description":"Menu Tooltip","List":""},{"Key":"FlexWrapActions","DisplayName":"Wrap Actions","FieldType":"Boolean","DefaultValue":"False","Description":"Wrap Actions","List":""},{"Key":"Shadow","DisplayName":"Shadow","FieldType":"String","DefaultValue":"none","Description":"Shadow","List":"2xl|inner|lg|md|none|shadow|sm|xl"},{"Key":"Visible","DisplayName":"Visible","FieldType":"Boolean","DefaultValue":"True","Description":"If visible.","List":""},{"Key":"MarginAXYTBLR","DisplayName":"Margins","FieldType":"String","DefaultValue":"a=?; x=?; y=?; t=?; b=?; l=?; r=?","Description":"Margins A-X-Y-T-B-L-R","List":""},{"Key":"PaddingAXYTBLR","DisplayName":"Paddings","FieldType":"String","DefaultValue":"a=?; x=?; y=?; t=?; b=?; l=?; r=?","Description":"Paddings A-X-Y-T-B-L-R","List":""},{"Key":"RawClasses","DisplayName":"Classes","FieldType":"String","DefaultValue":"","Description":"Classes added to the HTML tag.","List":""},{"Key":"RawStyles","DisplayName":"Styles","FieldType":"String","DefaultValue":"","Description":"Styles added to the HTML tag. Must be a json String- use =","List":""},{"Key":"RawAttributes","DisplayName":"Attributes","FieldType":"String","DefaultValue":"","Description":"Attributes added to the HTML tag. Must be a json String- use =","List":""}],"events":[{"name":"AlphaClick (item As String)"},{"name":"RowClick (Row As Int, item As Map)"},{"name":"HeaderClick (HeaderName As String, Status As Boolean)"},{"name":"ExportToCsv (e As BANanoEvent)"},{"name":"ExportToPdf (e As BANanoEvent)"},{"name":"ExportToXls (e As BANanoEvent)"},{"name":"FileChange (e As BANanoEvent)"},{"name":"Download (e As BANanoEvent)"},{"name":"Custom_FileChange (e As BANanoEvent)"},{"name":"CustomColumn (item As Map)"},{"name":"CustomColumnRow (Row As Int, item As Map)"},{"name":"CustomButton (e As BANanoEvent)"},{"name":"SelectAll (Checked As Boolean)"},{"name":"EditRow (Row As Int, item As Map)"},{"name":"ExpandRow (Row As Int, item As Map, Hidden As Boolean)"},{"name":"CloneRow (Row As Int, item As Map)"},{"name":"MenuRow (Row As Int, item As Map)"},{"name":"DownloadRow (Row As Int, item As Map)"},{"name":"UploadRow (Row As Int, item As Map)"},{"name":"DeleteRow (Row As Int, item As Map)"},{"name":"ChangeRow (Row As Int, Value As Object, Column As String, item As Map)"},{"name":"SelectRow (Status as boolean, Row As Int, item As Map)"},{"name":"MenuItemRow (Row As Int, Action As String, item As Map)"},{"name":"Help (e As BANanoEvent)"},{"name":"Add (e As BANanoEvent)"},{"name":"SaveSingle (e As BANanoEvent)"},{"name":"DeleteSingle (e As BANanoEvent)"},{"name":"Refresh (e As BANanoEvent)"},{"name":"Back (e As BANanoEvent)"},{"name":"DeleteAll (e As BANanoEvent)"},{"name":"PrevPage (e As BANanoEvent)"},{"name":"NextPage (e As BANanoEvent)"},{"name":"GridView (e As BANanoEvent)"},{"name":"Filter (e As BANanoEvent)"},{"name":"Custom_Prepend_Click (event As BANanoEvent)"},{"name":"Custom_Append_Click (event As BANanoEvent)"},{"name":"Custom_Toggle (b As Boolean)"},{"name":"PrependClick (Row As Int, Column As String, item As Map)"},{"name":"AppendClick (Row As Int, Column As String, item As Map)"},{"name":"Decrement (Row As Int, Column As String, item As Map)"},{"name":"Increment (Row As Int, Column As String, item As Map)"},{"name":"PasswordPrependClick (Row As Int, Column As String, item As Map)"},{"name":"PasswordAppendClick (Row As Int, Column As String, item As Map)"},{"name":"Select_Change (item As String)"},{"name":"Select_Prepend_Click (event As BANanoEvent)"},{"name":"Select_Append_Click (event As BANanoEvent)"},{"name":"DDown_Click (item As String)"},{"name":"SearchClick (e As BANanoEvent)"},{"name":"SearchKeyUp (e As BANanoEvent)"},{"name":"SearchClear (e As BANanoEvent)"}],"methods":[{"name":"getID","signature":"getID() As String"},{"name":"SetProperties","signature":"SetProperties(props As Map)"},{"name":"GetProperties","signature":"GetProperties As Map"},{"name":"AddComponent","signature":"AddComponent"},{"name":"Remove","signature":"Remove()"},{"name":"setParentID","signature":"setParentID(s As String)"},{"name":"getHere","signature":"getHere() As String"},{"name":"setVisible","signature":"setVisible(b As Boolean)"},{"name":"getVisible","signature":"getVisible As Boolean"},{"name":"setAttributes","signature":"setAttributes(s As String)"},{"name":"setStyles","signature":"setStyles(s As String)"},{"name":"setClasses","signature":"setClasses(s As String)"},{"name":"setPaddingAXYTBLR","signature":"setPaddingAXYTBLR(s As String)"},{"name":"setMarginAXYTBLR","signature":"setMarginAXYTBLR(s As String)"},{"name":"getAttributes","signature":"getAttributes As String"},{"name":"getStyles","signature":"getStyles As String"},{"name":"getClasses","signature":"getClasses As String"},{"name":"getPaddingAXYTBLR","signature":"getPaddingAXYTBLR As String"},{"name":"getMarginAXYTBLR","signature":"getMarginAXYTBLR As String"},{"name":"Initialize","signature":"Initialize (CallBack As Object, Name As String, EventName As String)"},{"name":"DesignerCreateView","signature":"DesignerCreateView (Target As BANanoElement, Props As Map)"},{"name":"setTableSize\t\t\t","signature":"setTableSize(s As String)\t\t\t"},{"name":"getTableSize","signature":"getTableSize As String"},{"name":"setListViewMode","signature":"setListViewMode(b As Boolean) \t\t"},{"name":"getListViewMode","signature":"getListViewMode As Boolean"},{"name":"setIconSize\t\t\t","signature":"setIconSize(s As String)\t\t\t"},{"name":"getIconSize","signature":"getIconSize As String"},{"name":"setIconVisible\t\t\t\t","signature":"setIconVisible(b As Boolean)\t\t\t\t"},{"name":"getIconVisible","signature":"getIconVisible As Boolean"},{"name":"setIcon\t\t\t","signature":"setIcon(s As String)\t\t\t"},{"name":"getIcon","signature":"getIcon As String"},{"name":"setIconColor\t\t\t","signature":"setIconColor(s As String)\t\t\t"},{"name":"getIconColor","signature":"getIconColor As String"},{"name":"setHasExpand","signature":"setHasExpand(b As Boolean)"},{"name":"getHasExpand","signature":"getHasExpand As Boolean"},{"name":"setAlphaChooserTextColor","signature":"setAlphaChooserTextColor(s As String)"},{"name":"setColumnChooserTextColor","signature":"setColumnChooserTextColor(s As String)"},{"name":"getAlphaChooserTextColor","signature":"getAlphaChooserTextColor As String"},{"name":"getColumnChooserTextColor","signature":"getColumnChooserTextColor As String"},{"name":"setShowTotalRecords","signature":"setShowTotalRecords(b As Boolean)"},{"name":"getShowTotalRecords","signature":"getShowTotalRecords As Boolean"},{"name":"setColumnChooserColor","signature":"setColumnChooserColor(s As String)"},{"name":"setColumnChooserHeight","signature":"setColumnChooserHeight(s As String)"},{"name":"setHasColumnChooser","signature":"setHasColumnChooser(b As Boolean)"},{"name":"getColumnChooserColor","signature":"getColumnChooserColor As String"},{"name":"getColumnChooserHeight","signature":"getColumnChooserHeight As String"},{"name":"getHasColumnChooser","signature":"getHasColumnChooser As Boolean"},{"name":"setShadow","signature":"setShadow(s As String)"},{"name":"getShadow","signature":"getShadow As String"},{"name":"GetFiles","signature":"GetFiles As List"},{"name":"GetFile","signature":"GetFile As Map"},{"name":"GetFileDataURL","signature":"GetFileDataURL As String"},{"name":"Nullify","signature":"Nullify"},{"name":"setSearchWidth\t\t\t","signature":"setSearchWidth(s As String)\t\t\t"},{"name":"getSearchWidth","signature":"getSearchWidth As String"},{"name":"setAddNewTooltip","signature":"setAddNewTooltip(s As String)"},{"name":"setBackTooltip","signature":"setBackTooltip(s As String)"},{"name":"setCloneTooltip","signature":"setCloneTooltip(s As String)"},{"name":"setDeleteAllTooltip","signature":"setDeleteAllTooltip(s As String)"},{"name":"setDeleteSingleTooltip","signature":"setDeleteSingleTooltip(s As String)"},{"name":"setDeleteTooltip","signature":"setDeleteTooltip(s As String)"},{"name":"setDownloadTooltip","signature":"setDownloadTooltip(s As String)"},{"name":"setEditTooltip","signature":"setEditTooltip(s As String)"},{"name":"setExportToCsvTooltip","signature":"setExportToCsvTooltip(s As String)"},{"name":"setExportToPdfTooltip","signature":"setExportToPdfTooltip(s As String)"},{"name":"setExportToXlsTooltip","signature":"setExportToXlsTooltip(s As String)"},{"name":"setMenuTooltip","signature":"setMenuTooltip(s As String)"},{"name":"setRefreshTooltip","signature":"setRefreshTooltip(s As String)"},{"name":"setSaveSingleTooltip","signature":"setSaveSingleTooltip(s As String)"},{"name":"setTooltipColor","signature":"setTooltipColor(s As String)"},{"name":"setUploadToolbarTooltip","signature":"setUploadToolbarTooltip(s As String)"},{"name":"setUploadTooltip","signature":"setUploadTooltip(s As String)"},{"name":"getAddNewTooltip","signature":"getAddNewTooltip As String"},{"name":"getBackTooltip","signature":"getBackTooltip As String"},{"name":"getCloneTooltip","signature":"getCloneTooltip As String"},{"name":"getDeleteAllTooltip","signature":"getDeleteAllTooltip As String"},{"name":"getDeleteSingleTooltip","signature":"getDeleteSingleTooltip As String"},{"name":"getDeleteTooltip","signature":"getDeleteTooltip As String"},{"name":"getDownloadTooltip","signature":"getDownloadTooltip As String"},{"name":"getEditTooltip","signature":"getEditTooltip As String"},{"name":"getExportToCsvTooltip","signature":"getExportToCsvTooltip As String"},{"name":"getExportToPdfTooltip","signature":"getExportToPdfTooltip As String"},{"name":"getExportToXlsTooltip","signature":"getExportToXlsTooltip As String"},{"name":"getMenuTooltip","signature":"getMenuTooltip As String"},{"name":"getRefreshTooltip","signature":"getRefreshTooltip As String"},{"name":"getSaveSingleTooltip","signature":"getSaveSingleTooltip As String"},{"name":"getTooltipColor","signature":"getTooltipColor As String"},{"name":"getUploadToolbarTooltip","signature":"getUploadToolbarTooltip As String"},{"name":"getUploadTooltip","signature":"getUploadTooltip As String"},{"name":"getPageBreakRepeat","signature":"getPageBreakRepeat As String"},{"name":"getExcelTitle","signature":"getExcelTitle As String"},{"name":"getPdfTheme","signature":"getPdfTheme As String"},{"name":"getFontSize","signature":"getFontSize As String"},{"name":"getUnit","signature":"getUnit As String"},{"name":"getPageSize","signature":"getPageSize As String"},{"name":"getOrientation","signature":"getOrientation As String"},{"name":"setWrapHeadings","signature":"setWrapHeadings(b As Boolean)"},{"name":"getWrapHeadings","signature":"getWrapHeadings As Boolean"},{"name":"setExcelTitle","signature":"setExcelTitle(s As String)"},{"name":"setButtonsOutlined","signature":"setButtonsOutlined(b As Boolean)"},{"name":"getButtonsOutlined","signature":"getButtonsOutlined As Boolean"},{"name":"setBadgesOutlined","signature":"setBadgesOutlined(b As Boolean)"},{"name":"getBadgesOutlined","signature":"getBadgesOutlined As Boolean"},{"name":"setTitleVisible\t\t\t\t","signature":"setTitleVisible(b As Boolean)\t\t\t\t"},{"name":"SetMenuItemColor","signature":"SetMenuItemColor(c As String)"},{"name":"SetMenuItemHoverColor","signature":"SetMenuItemHoverColor(c As String)"},{"name":"SetMenuItemFocusColor","signature":"SetMenuItemFocusColor(c As String)"},{"name":"SetMenuItemActiveColor","signature":"SetMenuItemActiveColor(c As String)"},{"name":"setNormalCase","signature":"setNormalCase(b As Boolean)"},{"name":"AddDesignerColums\t\t\t\t\t","signature":"AddDesignerColums\t\t\t\t\t"},{"name":"getHeadingID","signature":"getHeadingID As String"},{"name":"getBodyID","signature":"getBodyID As String"},{"name":"getFooterID","signature":"getFooterID As String"},{"name":"AddHeaderRow\t\t\t","signature":"AddHeaderRow(rowNumber As String)\t\t\t"},{"name":"AddHeaderRowTitle","signature":"AddHeaderRowTitle(rowNumber As String, name As String, title As String)"},{"name":"ClearFilters\t\t\t","signature":"ClearFilters\t\t\t"},{"name":"ClearFilter","signature":"ClearFilter(name As String)"},{"name":"setRoundedBox","signature":"setRoundedBox(Status As Boolean)"},{"name":"setBorder","signature":"setBorder(Status As Boolean)"},{"name":"setBottomBorder","signature":"setBottomBorder(Status As Boolean)"},{"name":"getColumnChooserID","signature":"getColumnChooserID As String"},{"name":"getAlphabetsID","signature":"getAlphabetsID As String"},{"name":"SetColumnVisibleOnColumnChooser","signature":"SetColumnVisibleOnColumnChooser(colName As String, colVisible As Boolean)"},{"name":"RemoveSearch","signature":"RemoveSearch"},{"name":"RemoveToolBar","signature":"RemoveToolBar"},{"name":"RemoveColumnChooser","signature":"RemoveColumnChooser"},{"name":"RemoveHeadings","signature":"RemoveHeadings"},{"name":"RemoveFooter","signature":"RemoveFooter"},{"name":"RemoveFooterPagination","signature":"RemoveFooterPagination"},{"name":"setBodyVisible","signature":"setBodyVisible(Status As Boolean)"},{"name":"setHeaderVisible","signature":"setHeaderVisible(Status As Boolean)"},{"name":"setFooterVisible","signature":"setFooterVisible(Status As Boolean)"},{"name":"setHasSearch\t\t\t","signature":"setHasSearch(b As Boolean)\t\t\t"},{"name":"getHasSearch","signature":"getHasSearch As Boolean"},{"name":"getSearchValue","signature":"getSearchValue As String"},{"name":"setSearchValue","signature":"setSearchValue(s As String)"},{"name":"setActionsVisible","signature":"setActionsVisible(b As Boolean)"},{"name":"setToolbarVisible","signature":"setToolbarVisible(b As Boolean)"},{"name":"SetSearchPlaceholder","signature":"SetSearchPlaceholder(s As String)"},{"name":"getSearchID","signature":"getSearchID As String"},{"name":"getToolBarButtonID","signature":"getToolBarButtonID(btnID As String) As String"},{"name":"AddToolbarButton","signature":"AddToolbarButton(btnID As String, btnCaption As String, btnColor As String) As SDUI5Button"},{"name":"AddToolbarActionButton","signature":"AddToolbarActionButton(btnID As String, btnCaption As String, btnColor As String) As SDUI5Button\t\t"},{"name":"SetToolbarButtonToolTip\t\t\t","signature":"SetToolbarButtonToolTip(btnID As String, tooltip As String, color As String, position As String)\t\t\t"},{"name":"AddToolbarButtonIcon","signature":"AddToolbarButtonIcon(btnID As String, xIcon As String, btnColor As String, iconColor As String) As SDUI5Button\t\t\t"},{"name":"AddToolbarFileUpload","signature":"AddToolbarFileUpload(btnID As String, xIcon As String, btnColor As String, bMultiple As Boolean) As SDUI5Button\t\t"},{"name":"SetToolbarButtonTextColorWhite","signature":"SetToolbarButtonTextColorWhite(id As String)"},{"name":"AddToolbarActionButtonIcon","signature":"AddToolbarActionButtonIcon(btnID As String, xIcon As String, btnColor As String, iconColor As String) As SDUI5Button\t\t\t"},{"name":"SetExportToCSVTooltip1","signature":"SetExportToCSVTooltip1(tooltip As String, color As String, position As String)"},{"name":"setHasExportToCsv\t\t\t","signature":"setHasExportToCsv(b As Boolean)\t\t\t"},{"name":"SetExportToPDFTooltip1","signature":"SetExportToPDFTooltip1(tooltip As String, color As String, position As String)"},{"name":"setHasExportToPdf\t\t\t","signature":"setHasExportToPdf(b As Boolean)\t\t\t"},{"name":"SetExportToXLSTooltip1","signature":"SetExportToXLSTooltip1(tooltip As String, color As String, position As String)"},{"name":"setHasExportToXls\t\t\t\t","signature":"setHasExportToXls(b As Boolean)\t\t\t\t"},{"name":"SetAddNewTooltip1","signature":"SetAddNewTooltip1(tooltip As String, color As String, position As String)"},{"name":"setHasAddNew\t\t\t","signature":"setHasAddNew(b As Boolean)\t\t\t"},{"name":"SetToolbarButtonIconColor\t\t","signature":"SetToolbarButtonIconColor(btn As String, value As String)\t\t"},{"name":"setGridTooltip","signature":"setGridTooltip(s As String)"},{"name":"setHasGrid\t\t","signature":"setHasGrid(b As Boolean)\t\t"},{"name":"getGridTooltip","signature":"getGridTooltip As String"},{"name":"getHasGrid","signature":"getHasGrid As Boolean"},{"name":"SetSaveSingleTooltip1","signature":"SetSaveSingleTooltip1(tooltip As String, color As String, position As String)"},{"name":"setHasSaveSingle\t\t\t\t","signature":"setHasSaveSingle(b As Boolean)\t\t\t\t"},{"name":"SetDeleteSingleTooltip1","signature":"SetDeleteSingleTooltip1(tooltip As String, color As String, position As String)"},{"name":"setHasDeleteSingle\t\t\t\t","signature":"setHasDeleteSingle(b As Boolean)\t\t\t\t"},{"name":"SetDeleteAllTooltip1","signature":"SetDeleteAllTooltip1(tooltip As String, color As String, position As String)"},{"name":"setHasDeleteAll\t\t\t\t","signature":"setHasDeleteAll(b As Boolean)\t\t\t\t"},{"name":"SetUploadToolBarTooltip1","signature":"SetUploadToolBarTooltip1(tooltip As String, color As String, position As String)"},{"name":"SetDeleteAllEnable","signature":"SetDeleteAllEnable(b As Boolean)"},{"name":"SetDeleteAllVisible","signature":"SetDeleteAllVisible(b As Boolean)"},{"name":"setHasToolbarDownload\t\t\t\t","signature":"setHasToolbarDownload(b As Boolean)\t\t\t\t"},{"name":"getHasToolbarDownload","signature":"getHasToolbarDownload As Boolean"},{"name":"setHasToolbarUpload\t\t\t\t","signature":"setHasToolbarUpload(b As Boolean)\t\t\t\t"},{"name":"ToolBarFileNullify","signature":"ToolBarFileNullify"},{"name":"SetBackTooltip1","signature":"SetBackTooltip1(tooltip As String, color As String, position As String)"},{"name":"setHasHelp\t\t\t\t","signature":"setHasHelp(b As Boolean)\t\t\t\t"},{"name":"getHasHelp","signature":"getHasHelp As Boolean"},{"name":"setHelpTooltip","signature":"setHelpTooltip(s As String)"},{"name":"getHelpTooltip","signature":"getHelpTooltip As String"},{"name":"setHasBack\t\t\t\t","signature":"setHasBack(b As Boolean)\t\t\t\t"},{"name":"MoveBackButton\t\t\t\t\t\t\t","signature":"MoveBackButton\t\t\t\t\t\t\t"},{"name":"MoveHelpButton\t\t\t\t\t\t\t","signature":"MoveHelpButton\t\t\t\t\t\t\t"},{"name":"SetRefreshTooltip1","signature":"SetRefreshTooltip1(tooltip As String, color As String, position As String)"},{"name":"setHasRefresh\t\t\t","signature":"setHasRefresh(b As Boolean)\t\t\t"},{"name":"setExportToCsvLoading","signature":"setExportToCsvLoading(b As Boolean)"},{"name":"setExportToPdfLoading","signature":"setExportToPdfLoading(b As Boolean)"},{"name":"setExportToXlsLoading","signature":"setExportToXlsLoading(b As Boolean)"},{"name":"setRefreshLoading","signature":"setRefreshLoading(b As Boolean)"},{"name":"setRefreshDisabled","signature":"setRefreshDisabled(b As Boolean)"},{"name":"setExportToCsvDisabled","signature":"setExportToCsvDisabled(b As Boolean)"},{"name":"setExportToPdfDisabled","signature":"setExportToPdfDisabled(b As Boolean)"},{"name":"setExportToXlsDisabled","signature":"setExportToXlsDisabled(b As Boolean)"},{"name":"setPrevPageVisible","signature":"setPrevPageVisible(b As Boolean)"},{"name":"setNextPageVisible","signature":"setNextPageVisible(b As Boolean)"},{"name":"setPrevPageEnabled","signature":"setPrevPageEnabled(b As Boolean)"},{"name":"setNextPageEnabled","signature":"setNextPageEnabled(b As Boolean)"},{"name":"setPrevPageDisabled","signature":"setPrevPageDisabled(b As Boolean)"},{"name":"setNextPageDisabled","signature":"setNextPageDisabled(b As Boolean)"},{"name":"SetToolbarButtonDisabled","signature":"SetToolbarButtonDisabled(btn As String, b As Boolean)"},{"name":"SetToolbarButtonEnable","signature":"SetToolbarButtonEnable(btn As String, b As Boolean)"},{"name":"SetToolbarButtonLoading","signature":"SetToolbarButtonLoading(btn As String, b As Boolean)"},{"name":"ToolbarButtonLoading","signature":"ToolbarButtonLoading(btn As String, b As Boolean)"},{"name":"SetToolbarSelectAllChecked","signature":"SetToolbarSelectAllChecked(value As Boolean)"},{"name":"SetRowSelectChecked","signature":"SetRowSelectChecked(rowPos As Int, value As Boolean)"},{"name":"SetToolbarButtonBadge","signature":"SetToolbarButtonBadge(btn As String, value As String)"},{"name":"SetToolbarButtonBadgeColor","signature":"SetToolbarButtonBadgeColor(btn As String, value As String)"},{"name":"SetToolbarButtonBadgeSize","signature":"SetToolbarButtonBadgeSize(btn As String, value As String)"},{"name":"SetToolbarButtonBadgeRound","signature":"SetToolbarButtonBadgeRound(btn As String)"},{"name":"SetToolbarButtonBadgeTextColor","signature":"SetToolbarButtonBadgeTextColor(btn As String, value As String)"},{"name":"SetToolbarButtonTextColor\t\t","signature":"SetToolbarButtonTextColor(btn As String, value As String)\t\t"},{"name":"SetToolbarButtonVisible","signature":"SetToolbarButtonVisible(btn As String, value As Boolean)"},{"name":"SetToolbarButtonColor","signature":"SetToolbarButtonColor(btn As String, value As String)"},{"name":"setAddDisabled","signature":"setAddDisabled(b As Boolean)"},{"name":"setAddLoading","signature":"setAddLoading(b As Boolean)"},{"name":"setDeleteAllLoading","signature":"setDeleteAllLoading(b As Boolean)"},{"name":"setSaveSingleLoading","signature":"setSaveSingleLoading(b As Boolean)"},{"name":"setToolbarUploadLoading","signature":"setToolbarUploadLoading(b As Boolean)"},{"name":"setToolbarUploadDisabled","signature":"setToolbarUploadDisabled(b As Boolean)"},{"name":"setDeleteSingleLoading","signature":"setDeleteSingleLoading(b As Boolean)"},{"name":"setDeleteAllDisabled","signature":"setDeleteAllDisabled(b As Boolean)"},{"name":"setSaveSingleDisabled","signature":"setSaveSingleDisabled(b As Boolean)"},{"name":"setDeleteSingleDisabled","signature":"setDeleteSingleDisabled(b As Boolean)"},{"name":"setToolbarActions","signature":"setToolbarActions(b As Boolean)"},{"name":"ClearToolbarActions","signature":"ClearToolbarActions"},{"name":"setItemsPerPage","signature":"setItemsPerPage(i As String)"},{"name":"setTitle","signature":"setTitle(t As String)"},{"name":"SetPrevPageTooltip","signature":"SetPrevPageTooltip(tooltip As String, color As String, position As String)"},{"name":"SetNextPageTooltip","signature":"SetNextPageTooltip(tooltip As String, color As String, position As String)"},{"name":"setPagination\t\t\t\t","signature":"setPagination(b As Boolean)\t\t\t\t"},{"name":"getToolBarNextPageID","signature":"getToolBarNextPageID As String"},{"name":"getToolBarPrevPageID","signature":"getToolBarPrevPageID As String"},{"name":"PagePause","signature":"PagePause"},{"name":"PageResume","signature":"PageResume"},{"name":"ClearHeadings","signature":"ClearHeadings"},{"name":"ClearFooter\t\t\t","signature":"ClearFooter\t\t\t"},{"name":"ClearRows\t\t\t","signature":"ClearRows\t\t\t"},{"name":"UpdateColumnVisibility","signature":"UpdateColumnVisibility"},{"name":"AddColumnSelectAll\t\t\t","signature":"AddColumnSelectAll\t\t\t"},{"name":"getSelectAllID","signature":"getSelectAllID As String"},{"name":"setSingleRowSelect","signature":"setSingleRowSelect(b As Boolean)"},{"name":"GetAllChecked","signature":"GetAllChecked(Status As Boolean) As List"},{"name":"GetColumnPosition","signature":"GetColumnPosition(colName As String) As Int"},{"name":"SetColumnAlignMultiple","signature":"SetColumnAlignMultiple(salign As String, colNames As List)"},{"name":"SetColumnAlign","signature":"SetColumnAlign(colName As String, salign As String)"},{"name":"SetColumnAvatarColor","signature":"SetColumnAvatarColor(colName As String, b As Boolean)"},{"name":"SetColumnTextSize","signature":"SetColumnTextSize(colName As String, sSize As String)"},{"name":"getColumnID","signature":"getColumnID(colName As String) As String"},{"name":"getFooterColumnID","signature":"getFooterColumnID(colName As String) As String"},{"name":"getTitleID","signature":"getTitleID As String"},{"name":"RightAlignColumns","signature":"RightAlignColumns(colNames As List)"},{"name":"CenterAlignColumns","signature":"CenterAlignColumns(colNames As List)"},{"name":"AddColumn","signature":"AddColumn(name As String, title As String)"},{"name":"FirstColumnName","signature":"FirstColumnName As String"},{"name":"AddColumnPlaceHolder","signature":"AddColumnPlaceHolder(name As String, title As String)"},{"name":"SetColumnVisibleMultiple","signature":"SetColumnVisibleMultiple(Status As Boolean, colNames As List)"},{"name":"SetColumnsHidden","signature":"SetColumnsHidden(cols As List)"},{"name":"SetColumnHidden","signature":"SetColumnHidden(colName As String)"},{"name":"SetColumnVisible","signature":"SetColumnVisible(colName As String, Status As Boolean)"},{"name":"setHasFilter\t\t\t","signature":"setHasFilter(b As Boolean)\t\t\t"},{"name":"getHasFilter","signature":"getHasFilter As Boolean"},{"name":"SetColumnTitle","signature":"SetColumnTitle(colName As String, title As String)"},{"name":"SetColumnFileSize","signature":"SetColumnFileSize(colName As String)"},{"name":"AddColumnFileSize","signature":"AddColumnFileSize(name As String, title As String)"},{"name":"SetColumnMoney","signature":"SetColumnMoney(colName As String)"},{"name":"AddColumnMoney","signature":"AddColumnMoney(name As String, title As String)"},{"name":"SetColumnDate","signature":"SetColumnDate(colName As String)"},{"name":"AddColumnDate","signature":"AddColumnDate(name As String, title As String)"},{"name":"AddColumnDateTime","signature":"AddColumnDateTime(name As String, title As String)"},{"name":"SetColumnDateTime","signature":"SetColumnDateTime(colName As String)"},{"name":"SetColumnThousand","signature":"SetColumnThousand(colName As String)"},{"name":"AddColumnThousand","signature":"AddColumnThousand(name As String, title As String)"},{"name":"SetColumnAction","signature":"SetColumnAction(colName As String, iconName As String, iconColor As String)"},{"name":"SetColumnFileAction","signature":"SetColumnFileAction(colName As String, iconName As String, iconColor As String)"},{"name":"SetColumnMenu","signature":"SetColumnMenu(colName As String, iconName As String, iconColor As String)"},{"name":"AddColumnAction","signature":"AddColumnAction(name As String, title As String, icon As String, color As String, textColor As String)"},{"name":"UpdateColumnAction","signature":"UpdateColumnAction(name As String, title As String, icon As String, color As String, textColor As String)"},{"name":"AddColumnFileAction","signature":"AddColumnFileAction(name As String, title As String, icon As String, color As String)"},{"name":"AddColumnDropDown","signature":"AddColumnDropDown(name As String, title As String, icon As String, color As String, options As Map)"},{"name":"AddColumnDropDownIcon","signature":"AddColumnDropDownIcon(name As String, title As String, icon As String, color As String, options As Map, OptionIcons As Map)"},{"name":"SetColumnMinMaxWidth","signature":"SetColumnMinMaxWidth(colName As String, minwidth As String, maxwidth As String)"},{"name":"SetColumnDelimiter","signature":"SetColumnDelimiter(colName As String, delimiter As String)"},{"name":"SetColumnComputeValue","signature":"SetColumnComputeValue(colName As String, subName As String)"},{"name":"SetColumnComputeOptions","signature":"SetColumnComputeOptions(colName As String, subName As String)"},{"name":"SetColumnComputeRing","signature":"SetColumnComputeRing(colName As String, subName As String)"},{"name":"SetColumnComputeBackgroundColor","signature":"SetColumnComputeBackgroundColor(colName As String, subName As String)"},{"name":"SetColumnComputeColor","signature":"SetColumnComputeColor(colName As String, subName As String)"},{"name":"SetColumnComputeTextColor","signature":"SetColumnComputeTextColor(colName As String, subName As String)"},{"name":"SetColumnComputeClass","signature":"SetColumnComputeClass(colName As String, subName As String)"},{"name":"SetColumnClass","signature":"SetColumnClass(colName As String, className As String)"},{"name":"SetColumnWrap","signature":"SetColumnWrap(colName As String)"},{"name":"SetColumnWrapText","signature":"SetColumnWrapText(cols As List)"},{"name":"AddColumnClass","signature":"AddColumnClass(colName As String, classes As List)"},{"name":"SetColumnLink","signature":"SetColumnLink(colName As String, subtitle As String, color As String)"},{"name":"AddColumnLink","signature":"AddColumnLink(name As String, title As String, subtitle As String, color As String)"},{"name":"SetColumnClickLink","signature":"SetColumnClickLink(colName As String, subtitle As String, color As String)"},{"name":"AddColumnClickLink","signature":"AddColumnClickLink(name As String, title As String, subtitle As String, color As String)"},{"name":"SetColumnEmail","signature":"SetColumnEmail(colName As String, subtitle As String, color As String)"},{"name":"SetColumnWebsite","signature":"SetColumnWebsite(colName As String, subtitle As String, color As String)"},{"name":"AddColumnEmail","signature":"AddColumnEmail(name As String, title As String, subtitle As String, color As String)"},{"name":"AddColumnWebsite","signature":"AddColumnWebsite(name As String, title As String, subtitle As String, color As String)"},{"name":"SetColumnIcon","signature":"SetColumnIcon(colName As String, ssize As String, color As String)"},{"name":"AddColumnIcon","signature":"AddColumnIcon(name As String, title As String, ssize As String, color As String)"},{"name":"SetColumnButton","signature":"SetColumnButton(colName As String, color As String)"},{"name":"setAlphaChooserColumn","signature":"setAlphaChooserColumn(s As String)"},{"name":"setAlphaChooserHeight","signature":"setAlphaChooserHeight(s As String)"},{"name":"setHasAlphaChooser","signature":"setHasAlphaChooser(b As Boolean)"},{"name":"getAlphaChooserColumn","signature":"getAlphaChooserColumn As String"},{"name":"getAlphaChooserHeight","signature":"getAlphaChooserHeight As String"},{"name":"getHasAlphaChooser","signature":"getHasAlphaChooser As Boolean"},{"name":"SetColumnsSumValues","signature":"SetColumnsSumValues(b As Boolean, cols As List)"},{"name":"SetColumnSumValues","signature":"SetColumnSumValues(colName As String, b As Boolean)"},{"name":"AddColumnButton","signature":"AddColumnButton(name As String, title As String, color As String)"},{"name":"SetColumnBadge","signature":"SetColumnBadge(colName As String, color As String)"},{"name":"SetColumnBackgroundColor","signature":"SetColumnBackgroundColor(colName As String, color As String)"},{"name":"AddColumnBadge","signature":"AddColumnBadge(name As String, title As String, color As String)"},{"name":"SetColumnRating","signature":"SetColumnRating(colName As String, ssize As Int, color As String)"},{"name":"AddColumnRating","signature":"AddColumnRating(name As String, title As String, ssize As Int, color As String, mask As String)"},{"name":"SetColumnRadialProgress","signature":"SetColumnRadialProgress(colName As String, ssize As String, color As String, suffix As String)"},{"name":"AddColumnRadialProgress","signature":"AddColumnRadialProgress(name As String, title As String, ssize As String, color As String, suffix As String)"},{"name":"SetColumnProgress","signature":"SetColumnProgress(colName As String, width As Int, maxvalue As Int, color As String)"},{"name":"AddColumnProgress","signature":"AddColumnProgress(name As String, title As String, width As Int, maxvalue As Int, color As String)"},{"name":"SetColumnRange","signature":"SetColumnRange(colName As String, maxvalue As Int, color As String)"},{"name":"AddColumnRange","signature":"AddColumnRange(name As String, title As String, maxvalue As Int, color As String)"},{"name":"SetColumnCheckBox","signature":"SetColumnCheckBox(colName As String, color As String)"},{"name":"SetColumnVisibleOnly","signature":"SetColumnVisibleOnly(theseOnes As List)"},{"name":"SetColumnSelect","signature":"SetColumnSelect(colName As String)"},{"name":"SetColumnOptions","signature":"SetColumnOptions(colname As String, options As Map)"},{"name":"SetColumnRadioGroup","signature":"SetColumnRadioGroup(colName As String)"},{"name":"SetColumnReadOnly","signature":"SetColumnReadOnly(colName As String)"},{"name":"AddColumnCheckBox","signature":"AddColumnCheckBox(name As String, title As String, color As String, readOnly As Boolean)"},{"name":"AddColumnSelect","signature":"AddColumnSelect(name As String, title As String, readOnly As Boolean, bAddNothingSelected As Boolean, options As Map)"},{"name":"AddColumnSelectFromList","signature":"AddColumnSelectFromList(name As String, title As String, readOnly As Boolean, bAddNothingSelected As Boolean, options As List)"},{"name":"SetColumnOptionsFromList","signature":"SetColumnOptionsFromList(colname As String, options As List)"},{"name":"SetColumnOptionsFromListSort","signature":"SetColumnOptionsFromListSort(colname As String, options As List)"},{"name":"AddColumnSelectFromListSort","signature":"AddColumnSelectFromListSort(name As String, title As String, readOnly As Boolean, bAddNothingSelected As Boolean, options As List)"},{"name":"AddColumnRadioGroupFromList","signature":"AddColumnRadioGroupFromList(name As String, title As String, readOnly As Boolean, color As String, options As List)"},{"name":"AddColumnRadioGroup","signature":"AddColumnRadioGroup(name As String, title As String, readOnly As Boolean, color As String, options As Map)"},{"name":"SetColumnTextColor","signature":"SetColumnTextColor(colName As String, color As String)"},{"name":"SetColumnTextBox","signature":"SetColumnTextBox(colName As String)"},{"name":"SetColumnTelephone","signature":"SetColumnTelephone(colName As String)"},{"name":"AddColumnTextBox","signature":"AddColumnTextBox(name As String, title As String, readOnly As Boolean)"},{"name":"AddColumnTelephone","signature":"AddColumnTelephone(name As String, title As String, readOnly As Boolean)"},{"name":"SetColumnTextBoxGroup","signature":"SetColumnTextBoxGroup(colName As String, Prefix As String, PrependIcon As String, Suffix As String, AppendIcon As String)"},{"name":"SetColumnSelectGroup","signature":"SetColumnSelectGroup(colName As String, Prefix As String, PrependIcon As String, Suffix As String, AppendIcon As String)"},{"name":"SetColumnPasswordGroup","signature":"SetColumnPasswordGroup(colName As String)"},{"name":"AddColumnTextBoxGroup","signature":"AddColumnTextBoxGroup(name As String, title As String, readOnly As Boolean, Prefix As String, PrependIcon As String, Suffix As String, AppendIcon As String)"},{"name":"AddColumnSelectGroup","signature":"AddColumnSelectGroup(name As String, title As String, readOnly As Boolean, bAddNothingSelected As Boolean, options As Map, Prefix As String, PrependIcon As String, Suffix As String, AppendIcon As String)"},{"name":"AddColumnPasswordGroup","signature":"AddColumnPasswordGroup(name As String, title As String, readOnly As Boolean)"},{"name":"AddColumnDialer","signature":"AddColumnDialer(name As String, title As String, readOnly As Boolean, minValue As Int, stepValue As Int, maxValue As Int)"},{"name":"SetColumnTextDialer","signature":"SetColumnTextDialer(colName As String, minValue As Int, stepValue As Int, maxValue As Int)"},{"name":"AddColumnPassword","signature":"AddColumnPassword(name As String, title As String, readOnly As Boolean)"},{"name":"SetColumnPassword","signature":"SetColumnPassword(colName As String)"},{"name":"SetColumnNumber","signature":"SetColumnNumber(colName As String)"},{"name":"AddColumnNumber","signature":"AddColumnNumber(name As String, title As String, readOnly As Boolean)"},{"name":"SetColumnFileInput","signature":"SetColumnFileInput(colName As String)"},{"name":"AddColumnFileInput","signature":"AddColumnFileInput(name As String, title As String)"},{"name":"AddColumnFileInputProgressCamCorder","signature":"AddColumnFileInputProgressCamCorder(name As String, title As String, xButtonSize As String, xProgressSize As String, xColor As String)"},{"name":"AddColumnFileInputProgressCamera","signature":"AddColumnFileInputProgressCamera(name As String, title As String, xButtonSize As String, xProgressSize As String, xColor As String)"},{"name":"AddColumnFileInputProgressMicrophone","signature":"AddColumnFileInputProgressMicrophone(name As String, title As String, xButtonSize As String, xProgressSize As String, xColor As String)"},{"name":"AddColumnFileInputProgress","signature":"AddColumnFileInputProgress(name As String, title As String, xButtonSize As String, xProgressSize As String, xIcon As String, xColor As String)"},{"name":"SetColumnDatePicker","signature":"SetColumnDatePicker(colName As String, dateFormat As String, altFormat As String, brange As Boolean, bmultiple As Boolean, bNoCalendar As Boolean)"},{"name":"SetColumnDateTimePicker","signature":"SetColumnDateTimePicker(colName As String, dateFormat As String, altFormat As String, slocale As String)"},{"name":"AddColumnDatePicker","signature":"AddColumnDatePicker(name As String, title As String, readOnly As Boolean, dateFormat As String, altFormat As String, brange As Boolean, bmultiple As Boolean, bNoCalendar As Boolean, locale As String)"},{"name":"SetColumnTimePicker","signature":"SetColumnTimePicker(colName As String, dateFormat As String, bNoCalendar As Boolean)"},{"name":"AddColumnDateTimePicker","signature":"AddColumnDateTimePicker(name As String, title As String, readOnly As Boolean, dateFormat As String, altFormat As String, brange As Boolean, bmultiple As Boolean, bNoCalendar As Boolean, locale As String)"},{"name":"AddColumnTimePicker","signature":"AddColumnTimePicker(name As String, title As String, readOnly As Boolean, dateFormat As String, bNoCalendar As Boolean)"},{"name":"SetColumnTextArea","signature":"SetColumnTextArea(colName As String, tRows As String)"},{"name":"AddColumnTextArea","signature":"AddColumnTextArea(name As String, title As String, readOnly As Boolean, tRows As Int)"},{"name":"AddColumnToggle","signature":"AddColumnToggle(name As String, title As String, color As String, readOnly As Boolean)"},{"name":"SetColumnToggle","signature":"SetColumnToggle(colName As String, color As String)"},{"name":"SetColumnEditTitle","signature":"SetColumnEditTitle(s As String)"},{"name":"SetColumnCloneTitle","signature":"SetColumnCloneTitle(s As String)"},{"name":"SetColumnMenuTitle","signature":"SetColumnMenuTitle(s As String)"},{"name":"SetColumnDownloadTitle","signature":"SetColumnDownloadTitle(s As String)"},{"name":"SetColumnUploadTitle","signature":"SetColumnUploadTitle(s As String)"},{"name":"SetColumnDeleteTitle","signature":"SetColumnDeleteTitle(s As String)"},{"name":"SetRowEditEnabled","signature":"SetRowEditEnabled(rowPos As Int, b As Boolean)"},{"name":"SetRowCloneEnabled","signature":"SetRowCloneEnabled(rowPos As Int, b As Boolean)"},{"name":"SetRowMenuEnabled","signature":"SetRowMenuEnabled(rowPos As Int, b As Boolean)"},{"name":"SetRowDownloadEnabled","signature":"SetRowDownloadEnabled(rowPos As Int, b As Boolean)"},{"name":"SetRowUploadEnabled","signature":"SetRowUploadEnabled(rowPos As Int, b As Boolean)"},{"name":"SetRowDeleteEnabled","signature":"SetRowDeleteEnabled(rowPos As Int, b As Boolean)"},{"name":"SetRowEditLoading","signature":"SetRowEditLoading(rowPos As Int, b As Boolean)"},{"name":"SetRowCloneLoading","signature":"SetRowCloneLoading(rowPos As Int, b As Boolean)"},{"name":"SetRowMenuLoading","signature":"SetRowMenuLoading(rowPos As Int, b As Boolean)"},{"name":"SetRowDownloadLoading","signature":"SetRowDownloadLoading(rowPos As Int, b As Boolean)"},{"name":"SetRowUploadLoading","signature":"SetRowUploadLoading(rowPos As Int, b As Boolean)"},{"name":"SetRowDeleteLoading","signature":"SetRowDeleteLoading(rowPos As Int, b As Boolean)"},{"name":"AddColumnEdit","signature":"AddColumnEdit(color As String)"},{"name":"AddColumnExpand","signature":"AddColumnExpand(color As String)"},{"name":"AddColumnClone","signature":"AddColumnClone(color As String)"},{"name":"AddColumnMenu","signature":"AddColumnMenu(color As String)"},{"name":"AddColumnDownload","signature":"AddColumnDownload(color As String)"},{"name":"AddColumnUpload","signature":"AddColumnUpload(color As String)"},{"name":"AddColumnDelete","signature":"AddColumnDelete(color As String)"},{"name":"SetColumnColor","signature":"SetColumnColor(colName As String, subtitle As String)"},{"name":"SetColumnLocale","signature":"SetColumnLocale(colName As String, slocale As String)"},{"name":"SetColumnMaxLength","signature":"SetColumnMaxLength(colName As String, smaxlen As String)"},{"name":"AddColumnColor","signature":"AddColumnColor(name As String, title As String, subtitle As String)"},{"name":"SetColumnAvatar","signature":"SetColumnAvatar(colName As String, ssize As String, mask As String)"},{"name":"SetColumnAvatarPlaceholder","signature":"SetColumnAvatarPlaceholder(colName As String, ssize As String, mask As String, color As String)"},{"name":"SetColumnAvatarGroup","signature":"SetColumnAvatarGroup(colName As String, ssize As String, mask As String)"},{"name":"SetColumnBadgeGroup","signature":"SetColumnBadgeGroup(colName As String, sheight As String)"},{"name":"SetColumnAvatarRing","signature":"SetColumnAvatarRing(colName As String, HasRing As Boolean, Color As String)"},{"name":"SetColumnAvatarOnline","signature":"SetColumnAvatarOnline(colName As String, OnlineField As String)"},{"name":"SetColumnImage","signature":"SetColumnImage(colName As String, width As Int, height As Int, mask As String)"},{"name":"SetColumnHeightMultiple","signature":"SetColumnHeightMultiple(height As String, colNames As List)"},{"name":"SetColumnHeight","signature":"SetColumnHeight(colName As String, height As String)"},{"name":"SetColumnWidthMultiple","signature":"SetColumnWidthMultiple(width As String, colNames As List)"},{"name":"SetColumnWidth","signature":"SetColumnWidth(colName As String, width As String)"},{"name":"SetColumnMaxWidth","signature":"SetColumnMaxWidth(colName As String, width As String)"},{"name":"SetColumnMinWidth","signature":"SetColumnMinWidth(colName As String, width As String)"},{"name":"SetTableColumnHeight","signature":"SetTableColumnHeight(colName As String, height As String)"},{"name":"SetTableColumnWidth","signature":"SetTableColumnWidth(colName As String, width As String)"},{"name":"AddColumnAvatar","signature":"AddColumnAvatar(name As String, title As String, ssize As String, mask As String)"},{"name":"AddColumnAvatarPlaceholder","signature":"AddColumnAvatarPlaceholder(name As String, title As String, ssize As String, mask As String, Color As String)"},{"name":"AddColumnImage","signature":"AddColumnImage(name As String, title As String, width As Int, height As Int, mask As String)"},{"name":"SetColumnAvatarTitle","signature":"SetColumnAvatarTitle(colName As String, ssize As String, subtitle As String, mask As String)"},{"name":"SetColumnIconTitle","signature":"SetColumnIconTitle(colName As String, ssize As String, subtitle As String, color As String)"},{"name":"SetColumnTitleIcon","signature":"SetColumnTitleIcon(colName As String, ssize As String, subtitle As String, color As String)"},{"name":"AddColumnAvatarTitle","signature":"AddColumnAvatarTitle(name As String, title As String, ssize As String, subtitle As String, mask As String)"},{"name":"AddColumnIconTitle","signature":"AddColumnIconTitle(name As String, title As String, ssize As String, subtitle As String, color As String)"},{"name":"AddColumnTitleIcon","signature":"AddColumnTitleIcon(name As String, title As String, ssize As String, subtitle As String, color As String)"},{"name":"AddColumnBadgeAvatarTitle","signature":"AddColumnBadgeAvatarTitle(name As String, title As String, ssize As String, subtitle As String, color As String)"},{"name":"SetColumnBadgeAvatarTitle","signature":"SetColumnBadgeAvatarTitle(colName As String, ssize As String, subtitle As String, color As String)"},{"name":"SetColumnAvatarTitleSubTitle","signature":"SetColumnAvatarTitleSubTitle(colName As String, ssize As String, subtitle As String, subtitle1 As String, mask As String)"},{"name":"AddColumnAvatarTitleSubTitle","signature":"AddColumnAvatarTitleSubTitle(name As String, title As String, ssize As String, subtitle As String, subtitle1 As String, mask As String)"},{"name":"SetColumnTitleSubTitle","signature":"SetColumnTitleSubTitle(colName As String, subtitle As String)"},{"name":"AddColumnTitleSubTitle","signature":"AddColumnTitleSubTitle(name As String, title As String, subtitle As String)"},{"name":"SetItemsPaginate","signature":"SetItemsPaginate(xItems As List)"},{"name":"ShowTotals","signature":"ShowTotals(DataSet As List)"},{"name":"Find","signature":"Find(sfind As String)"},{"name":"getCurrentPage","signature":"getCurrentPage As Int"},{"name":"ShowPage","signature":"ShowPage(pgNumber As Int)"},{"name":"setLowerCase","signature":"setLowerCase(b As Boolean)"},{"name":"SetItems\t\t\t'ignoreDeadCode","signature":"SetItems(xitems As List)\t\t\t'ignoreDeadCode"},{"name":"StartsWithAlphabet","signature":"StartsWithAlphabet(Text As String) As Boolean"},{"name":"StartsWithNumber","signature":"StartsWithNumber(Text As String) As Boolean"},{"name":"GetColorFromField","signature":"GetColorFromField(prefix As String, bColor As String, rowData As Map) As String"},{"name":"AddRow","signature":"AddRow(rowdata As Map)"},{"name":"SetRowColumnAppendLoading","signature":"SetRowColumnAppendLoading(colName As String, rowCnt As Int, b As Boolean)"},{"name":"SetRowColumnPrependLoading","signature":"SetRowColumnPrependLoading(colName As String, rowCnt As Int, b As Boolean)"},{"name":"SetRowColumnBadgeAvatarTitle","signature":"SetRowColumnBadgeAvatarTitle(fldName As String, rowCnt As Int, avatar As String, subtitle As String, badgeSize As String, badgeColor As String)"},{"name":"getName","signature":"getName As String"},{"name":"Show","signature":"Show"},{"name":"Hide","signature":"Hide"},{"name":"setHover","signature":"setHover(b As Boolean)"},{"name":"DeleteRow","signature":"DeleteRow(rowPos As Int)"},{"name":"SaveLastAccessedPage","signature":"SaveLastAccessedPage"},{"name":"setComponentSize","signature":"setComponentSize(s As String)"},{"name":"setButtonSize","signature":"setButtonSize(s As String)"},{"name":"getButtonSize","signature":"getButtonSize As String"},{"name":"setBadgesSize","signature":"setBadgesSize(s As String)"},{"name":"getBadgesSize","signature":"getBadgesSize As String"},{"name":"ShowLastAccessedPage","signature":"ShowLastAccessedPage"},{"name":"AddColumnAvatarGroup","signature":"AddColumnAvatarGroup(name As String, title As String, ssize As String, mask As String)"},{"name":"AddColumnBadgeGroup","signature":"AddColumnBadgeGroup(name As String, title As String, sheight As String)"},{"name":"AddColumnBadgeGroupColor","signature":"AddColumnBadgeGroupColor(name As String, title As String, sheight As String, scolor As String)"},{"name":"GetFileFromEvent","signature":"GetFileFromEvent (e As BANanoEvent) As Map"},{"name":"GetFilesFromEvent","signature":"GetFilesFromEvent (e As BANanoEvent) As List"},{"name":"LoadJSON","signature":"LoadJSON(jsonFile As String)"},{"name":"Size","signature":"Size As Int"},{"name":"LoadComponentJson","signature":"LoadComponentJson(designName As String)"},{"name":"setSearchSize\t\t\t","signature":"setSearchSize(s As String)\t\t\t"},{"name":"SetSelectListItems","signature":"SetSelectListItems(colName As String, options As List)"},{"name":"SetColumnItemsFromList","signature":"SetColumnItemsFromList(colName As String, options As List)"},{"name":"RowCount","signature":"RowCount As Int"},{"name":"RowsData","signature":"RowsData As List"},{"name":"SetDropDownMapItems","signature":"SetDropDownMapItems(colName As String, options As Map)"},{"name":"SetColumnOptionsRunTime","signature":"SetColumnOptionsRunTime(colName As String, options As Map)"},{"name":"SetColumnItems","signature":"SetColumnItems(colName As String, options As Map)"},{"name":"SetSelectMapItems","signature":"SetSelectMapItems(colName As String, options As Map)"},{"name":"SetSelectListItemsOfRow","signature":"SetSelectListItemsOfRow(colName As String, rowPos As Int, options As List)"},{"name":"SetSelectListItemsOfRowSort","signature":"SetSelectListItemsOfRowSort(colName As String, rowPos As Int, options As List)"},{"name":"SetSelectMapItemsOfRow","signature":"SetSelectMapItemsOfRow(colName As String, rowPos As Int, options As Map)"},{"name":"GetRow","signature":"GetRow(rowCnt As Int) As Map"},{"name":"SetRowColumnButtonLoading","signature":"SetRowColumnButtonLoading(colName As String, rowCnt As Int, b As Boolean)"},{"name":"SetRowColumnButtonEnabled","signature":"SetRowColumnButtonEnabled(colName As String, rowCnt As Int, b As Boolean)"},{"name":"AddRowColumnClass","signature":"AddRowColumnClass(colName As String, rowCnt As Int, className As String)"},{"name":"AddRowClass","signature":"AddRowClass(rowCnt As Int, className As String)"},{"name":"AddHeaderClass","signature":"AddHeaderClass(colName As String, className As String)"},{"name":"SetColumnHeaderVerticalLR","signature":"SetColumnHeaderVerticalLR(cols As List)"},{"name":"SetColumnHeaderVerticalRL","signature":"SetColumnHeaderVerticalRL(cols As List)"},{"name":"SetColumnHeaderSideWaysLR","signature":"SetColumnHeaderSideWaysLR(cols As List)"},{"name":"SetColumnHeaderSideWaysRL","signature":"SetColumnHeaderSideWaysRL(cols As List)"},{"name":"SetHeaderSideWaysLR","signature":"SetHeaderSideWaysLR(colName As String)"},{"name":"SetHeaderSideWaysRL","signature":"SetHeaderSideWaysRL(colName As String)"},{"name":"SetHeaderVerticalLR","signature":"SetHeaderVerticalLR(colName As String)"},{"name":"SetHeaderVerticalRL","signature":"SetHeaderVerticalRL(colName As String)"},{"name":"SetRowColumnItems","signature":"SetRowColumnItems(colName As String, rowCnt As Int, options As Map)"},{"name":"SetRowColumnItemsFromList","signature":"SetRowColumnItemsFromList(colName As String, rowPos As Int, options As List)"},{"name":"SetRowColumnBy","signature":"SetRowColumnBy(rowKey As String, rowID As String, colName As String, fldVal As Object)"},{"name":"SetRowBy","signature":"SetRowBy(rowKey As String, rowID As String,rowData As Map)"},{"name":"SetRowColumnFileInput","signature":"SetRowColumnFileInput(colName As String, rowCnt As Int, fldVal As Object)"},{"name":"GetRowColumnFileInput","signature":"GetRowColumnFileInput(colName As String, rowCnt As Int) As Object"},{"name":"SetRowEnsureVisible","signature":"SetRowEnsureVisible(rowPos As Int)"},{"name":"SetRowColumn","signature":"SetRowColumn(colName As String, rowCnt As Int, fldVal As Object)"},{"name":"GetRowColumn","signature":"GetRowColumn(colName As String, rowCnt As Int) As String"},{"name":"FindRowByColumn","signature":"FindRowByColumn(colName As String, value As String) As Int"},{"name":"SetRow","signature":"SetRow(rowCnt As Int, rowdata As Map)"},{"name":"ExportToCSV","signature":"ExportToCSV(quotes As Boolean, delimiter As String, hasHeader As Boolean) As String"},{"name":"GetFieldNames","signature":"GetFieldNames As List"},{"name":"GetTitleNames","signature":"GetTitleNames As List"},{"name":"UpdateRow","signature":"UpdateRow(rowCnt As Int, rowdata As Map)"},{"name":"UpdateRowOriginal","signature":"UpdateRowOriginal(rowCnt As Int, rowdata As Map)"},{"name":"PositionOf","signature":"PositionOf(prop As String, value As String) As Int"},{"name":"SetRowBackgroundColor","signature":"SetRowBackgroundColor(rowCnt As Int, color As String)"},{"name":"SetHeaderBackgroundColor","signature":"SetHeaderBackgroundColor(color As String)"},{"name":"SetHeaderAddClass","signature":"SetHeaderAddClass(className As String)"},{"name":"SetHeaderStyle","signature":"SetHeaderStyle(styles As Map)"},{"name":"SetHeaderTextColor","signature":"SetHeaderTextColor(color As String)"},{"name":"SetHeaderColumnAddClass","signature":"SetHeaderColumnAddClass(colName As String, className As String)"},{"name":"SetHeaderColumnStyle","signature":"SetHeaderColumnStyle(colName As String, styles As Map)"},{"name":"SetHeaderColumnTextColor","signature":"SetHeaderColumnTextColor(colName As String, color As String)"},{"name":"SetHeaderColumnBackgroundColor","signature":"SetHeaderColumnBackgroundColor(colName As String, color As String)"},{"name":"SetRowAddClass","signature":"SetRowAddClass(rowCnt As Int, className As String)"},{"name":"SetRowColumnAddClass","signature":"SetRowColumnAddClass(colName As String, rowCnt As Int, className As String)"},{"name":"SetRowStyle","signature":"SetRowStyle(rowCnt As Int, styles As Map)"},{"name":"SetEvenRowStyle","signature":"SetEvenRowStyle(styles As Map)"},{"name":"SetOddRowStyle","signature":"SetOddRowStyle(styles As Map)"},{"name":"SetColumnStyle","signature":"SetColumnStyle(colName As String, styles As Map)"},{"name":"SetColumnAddClass","signature":"SetColumnAddClass(colName As String, className As String)"},{"name":"SetRowColumnStyle","signature":"SetRowColumnStyle(colName As String, rowCnt As Int, styles As Map)"},{"name":"SetRowTextColor","signature":"SetRowTextColor(rowCnt As Int, color As String)"},{"name":"SetRowColumnTextColor","signature":"SetRowColumnTextColor(colName As String, rowCnt As Int, color As String)"},{"name":"SetRowColumnBackgroundColor","signature":"SetRowColumnBackgroundColor(colName As String, rowCnt As Int, color As String)"},{"name":"SetFooterColumn","signature":"SetFooterColumn(colName As String, value As Object)"},{"name":"SetFooterColumnsMerge","signature":"SetFooterColumnsMerge(cols As List)"},{"name":"SetFooterRemoveColumns","signature":"SetFooterRemoveColumns(cols As List)"},{"name":"SetFooterTotalSumCountColumns","signature":"SetFooterTotalSumCountColumns(DataSet As List, cols As List) As Map"},{"name":"FileChangeEvent","signature":"FileChangeEvent"},{"name":"ShowColumns","signature":"ShowColumns(cols As List)"},{"name":"HideColumns","signature":"HideColumns(cols As List)"},{"name":"SetRowColumnsMerge","signature":"SetRowColumnsMerge(rowPos As Int, cols As List)"},{"name":"HideOnSmall","signature":"HideOnSmall"},{"name":"HideOnMedium","signature":"HideOnMedium"},{"name":"HideOnLarge","signature":"HideOnLarge"},{"name":"setGridLines","signature":"setGridLines(b As Boolean)"},{"name":"setNoHeaderRadius","signature":"setNoHeaderRadius(b As Boolean)"},{"name":"setNoFooterRadius","signature":"setNoFooterRadius(b As Boolean)"},{"name":"SetCellPadding","signature":"SetCellPadding(T As String, R As String, B As String, L As String)"},{"name":"SetFooterBackgroundColor","signature":"SetFooterBackgroundColor(color As String)"},{"name":"SetFooterAddClass","signature":"SetFooterAddClass(className As String)"},{"name":"SetFooterStyle","signature":"SetFooterStyle(styles As Map)"},{"name":"SetFooterTextColor","signature":"SetFooterTextColor(color As String)"},{"name":"SetFooterColumnAddClass","signature":"SetFooterColumnAddClass(colName As String, className As String)"},{"name":"SetFooterColumnStyle","signature":"SetFooterColumnStyle(colName As String, styles As Map)"},{"name":"SetFooterColumnTextColor","signature":"SetFooterColumnTextColor(colName As String, color As String)"},{"name":"SetFooterColumnBackgroundColor","signature":"SetFooterColumnBackgroundColor(colName As String, color As String)"},{"name":"setBodyFontSize","signature":"setBodyFontSize(s As String)"},{"name":"setHeaderFontSize","signature":"setHeaderFontSize(s As String)"},{"name":"setFooterFontSize","signature":"setFooterFontSize(s As String)"},{"name":"setBodyFontFamily","signature":"setBodyFontFamily(s As String)"},{"name":"setHeaderFontFamily","signature":"setHeaderFontFamily(s As String)"},{"name":"setFooterFontFamily","signature":"setFooterFontFamily(s As String)"},{"name":"SetComputeRowTextColor","signature":"SetComputeRowTextColor(s As String)"},{"name":"SetComputeRowBackgroundColor","signature":"SetComputeRowBackgroundColor(s As String)"},{"name":"setPageSize","signature":"setPageSize(s As String)"},{"name":"setFontSize","signature":"setFontSize(s As String)"},{"name":"setUnit","signature":"setUnit(s As String)"},{"name":"setOrientation","signature":"setOrientation(s As String)"},{"name":"setPageBreakRepeat","signature":"setPageBreakRepeat(s As String)"},{"name":"setPdfTheme","signature":"setPdfTheme(s As String)"},{"name":"setIsCompact\t\t\t","signature":"setIsCompact(b As Boolean)\t\t\t"},{"name":"setIsNormal\t\t\t","signature":"setIsNormal(b As Boolean)\t\t\t"},{"name":"setIsZebra\t\t\t\t","signature":"setIsZebra(b As Boolean)\t\t\t\t"},{"name":"setSelectAll","signature":"setSelectAll(b As Boolean)"},{"name":"setMultipleFiles","signature":"setMultipleFiles(b As Boolean)"},{"name":"setHasExportMenu","signature":"setHasExportMenu(b As Boolean)"},{"name":"setExportToXls","signature":"setExportToXls(b As Boolean)"},{"name":"setHasEdit","signature":"setHasEdit(b As Boolean)"},{"name":"setHasClone","signature":"setHasClone(b As Boolean)"},{"name":"setHasDelete","signature":"setHasDelete(b As Boolean)"},{"name":"setHasUpload","signature":"setHasUpload(b As Boolean)"},{"name":"setHasDownload","signature":"setHasDownload(b As Boolean)"},{"name":"setHasMenu","signature":"setHasMenu(b As Boolean)"},{"name":"getParentID","signature":"getParentID As String"},{"name":"getTitle","signature":"getTitle As String"},{"name":"getTitleVisible","signature":"getTitleVisible As Boolean"},{"name":"getPagination","signature":"getPagination As Boolean"},{"name":"getItemsPerPage","signature":"getItemsPerPage As String"},{"name":"getIsCompact","signature":"getIsCompact As Boolean"},{"name":"getNormalCase","signature":"getNormalCase As Boolean"},{"name":"getLowerCase","signature":"getLowerCase As Boolean"},{"name":"getIsNormal","signature":"getIsNormal As Boolean"},{"name":"getIsZebra","signature":"getIsZebra As Boolean"},{"name":"getComponentSize","signature":"getComponentSize As String"},{"name":"getHover","signature":"getHover As Boolean"},{"name":"getSelectAll","signature":"getSelectAll As Boolean"},{"name":"getSearchSize","signature":"getSearchSize As String"},{"name":"getHasAddnew","signature":"getHasAddnew As Boolean"},{"name":"getHasSaveSingle","signature":"getHasSaveSingle As Boolean"},{"name":"getHasDeleteSingle","signature":"getHasDeleteSingle As Boolean"},{"name":"getHasRefresh","signature":"getHasRefresh As Boolean"},{"name":"getHasDeleteAll","signature":"getHasDeleteAll As Boolean"},{"name":"getHasToolbarUpload","signature":"getHasToolbarUpload As Boolean"},{"name":"getMultipleFiles","signature":"getMultipleFiles As Boolean"},{"name":"getHasExportMenu","signature":"getHasExportMenu As Boolean"},{"name":"getExportToPdf","signature":"getExportToPdf As Boolean"},{"name":"getExportToXls","signature":"getExportToXls As Boolean"},{"name":"getHasBack","signature":"getHasBack As Boolean"},{"name":"getHasEdit","signature":"getHasEdit As Boolean"},{"name":"getHasClone","signature":"getHasClone As Boolean"},{"name":"getHasDelete","signature":"getHasDelete As Boolean"},{"name":"getHasUpload","signature":"getHasUpload As Boolean"},{"name":"getHasDownload","signature":"getHasDownload As Boolean"},{"name":"getHasMenu","signature":"getHasMenu As Boolean"},{"name":"SearchByAlphabet","signature":"SearchByAlphabet(item As String, columnName As String) As List"},{"name":"setExportToPdf","signature":"setExportToPdf(b As Boolean)"},{"name":"setFlexWrapActions\t\t\t","signature":"setFlexWrapActions(b As Boolean)\t\t\t"},{"name":"getFlexWrapActions","signature":"getFlexWrapActions As Boolean"},{"name":"FileChangeSingle","signature":"FileChangeSingle"},{"name":"FileChangeMultiple","signature":"FileChangeMultiple"},{"name":"GetExpandRowID","signature":"GetExpandRowID(pos As Int) As String"},{"name":"GetExpandColumnID","signature":"GetExpandColumnID(pos As Int) As String"},{"name":"GetExpandColumnDataID","signature":"GetExpandColumnDataID(pos As Int) As String"},{"name":"ClearRowExpandData","signature":"ClearRowExpandData(pos As Int)"},{"name":"RefreshColumnVisibility","signature":"RefreshColumnVisibility"},{"name":"HideColumnsExceptFirst","signature":"HideColumnsExceptFirst"},{"name":"FirstColumnVisible","signature":"FirstColumnVisible"}]}