{"name":"SDUI5JsonEditor","properties":[{"Key":"ParentID","DisplayName":"ParentID","FieldType":"String","DefaultValue":"","Description":"The ParentID of this component","List":""},{"Key":"Title","DisplayName":"Title","FieldType":"String","DefaultValue":"","Description":"The title of the JSON editor","List":""},{"Key":"Mode","DisplayName":"Mode","FieldType":"String","DefaultValue":"view","Description":"Mode","List":"code|form|preview|text|tree|view"},{"Key":"Path","DisplayName":"Path","FieldType":"String","DefaultValue":"","Description":"Path","List":""},{"Key":"Height","DisplayName":"Height","FieldType":"String","DefaultValue":"500px","Description":"Height","List":""},{"Key":"Width","DisplayName":"Width","FieldType":"String","DefaultValue":"500px","Description":"Width","List":""},{"Key":"ButtonSize","DisplayName":"Button Size","FieldType":"String","DefaultValue":"md","Description":"Button Size","List":"lg|md|sm|xs|none"},{"Key":"ButtonsOutlined","DisplayName":"Buttons Outlined","FieldType":"Boolean","DefaultValue":"False","Description":"Buttons Outlined","List":""},{"Key":"HasUpload","DisplayName":"Has Upload","FieldType":"Boolean","DefaultValue":"True","Description":"Has Upload","List":""},{"Key":"HasSave","DisplayName":"Has Save","FieldType":"Boolean","DefaultValue":"True","Description":"Has Save","List":""},{"Key":"HasDownload","DisplayName":"Has Download","FieldType":"Boolean","DefaultValue":"True","Description":"Has Download","List":""},{"Key":"HasRefresh","DisplayName":"Has Refresh","FieldType":"Boolean","DefaultValue":"False","Description":"Has Refresh","List":""},{"Key":"HasBack","DisplayName":"Has Back","FieldType":"Boolean","DefaultValue":"True","Description":"Has Back","List":""},{"Key":"Shadow","DisplayName":"Shadow","FieldType":"String","DefaultValue":"lg","Description":"Shadow","List":"2xl|inner|lg|md|none|shadow|sm|xl"},{"Key":"Rounded","DisplayName":"Rounded","FieldType":"String","DefaultValue":"lg","Description":"Shape/Rounded","List":"square|circle|none|rounded|2xl|3xl|full|lg|md|sm|xl|0"},{"Key":"Visible","DisplayName":"Visible","FieldType":"Boolean","DefaultValue":"True","Description":"If visible.","List":""},{"Key":"Enabled","DisplayName":"Enabled","FieldType":"Boolean","DefaultValue":"True","Description":"If enabled.","List":""},{"Key":"PositionStyle","DisplayName":"Position Style","FieldType":"String","DefaultValue":"none","Description":"Position","List":"absolute|fixed|none|relative|static|sticky"},{"Key":"Position","DisplayName":"Position Locations","FieldType":"String","DefaultValue":"t=?; b=?; r=?; l=?","Description":"Position Locations","List":""},{"Key":"MarginAXYTBLR","DisplayName":"Margins","FieldType":"String","DefaultValue":"a=?; x=?; y=?; t=?; b=?; l=?; r=?","Description":"Margins A(all)-X(LR)-Y(TB)-T-B-L-R","List":""},{"Key":"PaddingAXYTBLR","DisplayName":"Paddings","FieldType":"String","DefaultValue":"a=?; x=?; y=?; t=?; b=?; l=?; r=?","Description":"Paddings A(all)-X(LR)-Y(TB)-T-B-L-R","List":""},{"Key":"RawClasses","DisplayName":"Classes (;)","FieldType":"String","DefaultValue":"","Description":"Classes added to the HTML tag.","List":""},{"Key":"RawStyles","DisplayName":"Styles (JSON)","FieldType":"String","DefaultValue":"","Description":"Styles added to the HTML tag. Must be a json String use = and ;","List":""},{"Key":"RawAttributes","DisplayName":"Attributes (JSON)","FieldType":"String","DefaultValue":"","Description":"Attributes added to the HTML tag. Must be a json String use = and ;","List":""}],"events":[{"name":"OnError (err As Object)"},{"name":"OnChange (err As Object)"},{"name":"Save (e As BANanoEvent)"},{"name":"Download (e As BANanoEvent)"},{"name":"Refresh (e As BANanoEvent)"},{"name":"Back (e As BANanoEvent)"},{"name":"CustomButton (e As BANanoEvent)"},{"name":"FileChange (e As BANanoEvent"}],"methods":[{"name":"Class_Globals","signature":"Class_Globals"},{"name":"Initialize","signature":"Initialize (Callback As Object, Name As String, EventName As String)"},{"name":"getID","signature":"getID() As String"},{"name":"SetProperties","signature":"SetProperties(props As Map)"},{"name":"GetProperties","signature":"GetProperties As Map"},{"name":"getShadow","signature":"getShadow As String"},{"name":"getRounded","signature":"getRounded As String"},{"name":"setShadow","signature":"setShadow(s As String)"},{"name":"setRounded","signature":"setRounded(s As String)"},{"name":"AddComponent","signature":"AddComponent"},{"name":"Remove","signature":"Remove()"},{"name":"setParentID","signature":"setParentID(s As String)"},{"name":"getParentID","signature":"getParentID As String"},{"name":"getHere","signature":"getHere() As String"},{"name":"setVisible","signature":"setVisible(b As Boolean)"},{"name":"getVisible","signature":"getVisible As Boolean"},{"name":"setEnabled","signature":"setEnabled(b As Boolean)"},{"name":"getEnabled","signature":"getEnabled As Boolean"},{"name":"OnEvent","signature":"OnEvent(event As String, methodName As String)"},{"name":"setPositionStyle","signature":"setPositionStyle(s As String)"},{"name":"getPositionStyle","signature":"getPositionStyle As String"},{"name":"setPosition","signature":"setPosition(s As String)"},{"name":"getPosition","signature":"getPosition As String"},{"name":"setAttributes","signature":"setAttributes(s As String)"},{"name":"setStyles","signature":"setStyles(s As String)"},{"name":"setClasses","signature":"setClasses(s As String)"},{"name":"setPaddingAXYTBLR","signature":"setPaddingAXYTBLR(s As String)"},{"name":"setMarginAXYTBLR","signature":"setMarginAXYTBLR(s As String)"},{"name":"getAttributes","signature":"getAttributes As String"},{"name":"getStyles","signature":"getStyles As String"},{"name":"getClasses","signature":"getClasses As String"},{"name":"getPaddingAXYTBLR","signature":"getPaddingAXYTBLR As String"},{"name":"getMarginAXYTBLR","signature":"getMarginAXYTBLR As String"},{"name":"DesignerCreateView","signature":"DesignerCreateView (Target As BANanoElement, Props As Map)"},{"name":"HideActions","signature":"HideActions"},{"name":"ShowActions","signature":"ShowActions"},{"name":"setValue","signature":"setValue(s As String)"},{"name":"getValue","signature":"getValue As String"},{"name":"setPath","signature":"setPath(s As String)"},{"name":"getPath","signature":"getPath As String"},{"name":"setTitle","signature":"setTitle(s As String)"},{"name":"getTitle","signature":"getTitle As String"},{"name":"Refresh","signature":"Refresh"},{"name":"setJsonString","signature":"setJsonString(s As String)"},{"name":"getJsonString","signature":"getJsonString As String"},{"name":"setJson","signature":"setJson(s As Object)"},{"name":"getJson","signature":"getJson As Object"},{"name":"ToJson","signature":"ToJson() As Object"},{"name":"ToString","signature":"ToString() As String"},{"name":"ExpandAll","signature":"ExpandAll()"},{"name":"CollapseAll","signature":"CollapseAll()"},{"name":"Focus","signature":"Focus()"},{"name":"setHeight","signature":"setHeight(s As String)"},{"name":"setMode","signature":"setMode(s As String)"},{"name":"setWidth","signature":"setWidth(s As String)"},{"name":"getHeight","signature":"getHeight As String"},{"name":"getMode","signature":"getMode As String"},{"name":"getWidth","signature":"getWidth As String"},{"name":"SetToolbarButtonBadge","signature":"SetToolbarButtonBadge(btn As String, value As String)"},{"name":"SetToolbarButtonBadgeColor","signature":"SetToolbarButtonBadgeColor(btn As String, value As String)"},{"name":"SetToolbarButtonBadgeSize","signature":"SetToolbarButtonBadgeSize(btn As String, value As String)"},{"name":"SetToolbarButtonBadgeRound","signature":"SetToolbarButtonBadgeRound(btn As String)"},{"name":"SetToolbarButtonBadgeTextColor","signature":"SetToolbarButtonBadgeTextColor(btn As String, value As String)"},{"name":"SetToolbarButtonTextColor\t\t","signature":"SetToolbarButtonTextColor(btn As String, value As String)\t\t"},{"name":"SetToolbarButtonVisible","signature":"SetToolbarButtonVisible(btn As String, value As Boolean)"},{"name":"SetToolbarButtonColor","signature":"SetToolbarButtonColor(btn As String, value As String)"},{"name":"SetToolbarButtonDisabled","signature":"SetToolbarButtonDisabled(btn As String, b As Boolean)"},{"name":"SetToolbarButtonEnable","signature":"SetToolbarButtonEnable(btn As String, b As Boolean)"},{"name":"SetToolbarButtonLoading","signature":"SetToolbarButtonLoading(btn As String, b As Boolean)"},{"name":"setHasRefresh\t\t\t","signature":"setHasRefresh(b As Boolean)\t\t\t"},{"name":"getHasRefresh","signature":"getHasRefresh As Boolean"},{"name":"setHasBack\t\t\t\t","signature":"setHasBack(b As Boolean)\t\t\t\t"},{"name":"getHasBack","signature":"getHasBack As Boolean"},{"name":"setHasDownload\t\t\t\t","signature":"setHasDownload(b As Boolean)\t\t\t\t"},{"name":"FileNullify","signature":"FileNullify"},{"name":"setHasSave\t\t\t\t","signature":"setHasSave(b As Boolean)\t\t\t\t"},{"name":"getHasSave","signature":"getHasSave As Boolean"},{"name":"setHasUpload\t\t\t\t","signature":"setHasUpload(b As Boolean)\t\t\t\t"},{"name":"getHasUpload","signature":"getHasUpload As Boolean"},{"name":"MoveBackButton\t\t\t\t\t\t\t","signature":"MoveBackButton\t\t\t\t\t\t\t"},{"name":"getHasDownload","signature":"getHasDownload As Boolean"},{"name":"getToolBarButtonID","signature":"getToolBarButtonID(btnID As String) As String"},{"name":"AddToolbarButton","signature":"AddToolbarButton(btnID As String, btnCaption As String, btnColor As String) As SDUI5Button"},{"name":"AddToolbarActionButton","signature":"AddToolbarActionButton(btnID As String, btnCaption As String, btnColor As String) As SDUI5Button\t\t"},{"name":"SetToolbarButtonToolTip\t\t\t","signature":"SetToolbarButtonToolTip(btnID As String, tooltip As String, color As String, position As String)\t\t\t"},{"name":"AddToolbarButtonIcon","signature":"AddToolbarButtonIcon(btnID As String, sIcon As String, btnColor As String, iconColor As String) As SDUI5Button\t\t\t"},{"name":"SetToolbarButtonTextColorWhite","signature":"SetToolbarButtonTextColorWhite(id As String)"},{"name":"AddToolbarActionButtonIcon","signature":"AddToolbarActionButtonIcon(btnID As String, sIcon As String, btnColor As String, iconColor As String) As SDUI5Button\t\t\t"},{"name":"AddToolbarFileUpload","signature":"AddToolbarFileUpload(btnID As String, sIcon As String, btnColor As String, bMultiple As Boolean) As SDUI5Button\t\t"}]}