{"name":"SDUI5Label","properties":[{"Key":"ParentID","DisplayName":"ParentID","FieldType":"String","DefaultValue":"","Description":"The ParentID of this component","List":""},{"Key":"InputType","DisplayName":"Input Type","FieldType":"String","DefaultValue":"input","Description":"Input Type","List":"select|input|email|password|tel|url|number|file"},{"Key":"Label","DisplayName":"Label","FieldType":"String","DefaultValue":"Label","Description":"Caption","List":""},{"Key":"Suffix","DisplayName":"Suffix","FieldType":"String","DefaultValue":"","Description":"Suffix","List":""},{"Key":"FloatingLabel","DisplayName":"Floating Label","FieldType":"Boolean","DefaultValue":"False","Description":"Floating Label","List":""},{"Key":"LabelWidth","DisplayName":"Label Width","FieldType":"String","DefaultValue":"","Description":"Label Width","List":""},{"Key":"Placeholder","DisplayName":"Placeholder","FieldType":"String","DefaultValue":"","Description":"Placeholder","List":""},{"Key":"RawOptions","DisplayName":"Options","FieldType":"String","DefaultValue":"b4a=b4a; b4j=b4j; b4i=b4i; b4r=b4r","Description":"Options","List":""},{"Key":"Value","DisplayName":"Value","FieldType":"String","DefaultValue":"","Description":"Value","List":""},{"Key":"Width","DisplayName":"Width","FieldType":"String","DefaultValue":"full","Description":"Width","List":""},{"Key":"MinLength","DisplayName":"Min Length","FieldType":"String","DefaultValue":"","Description":"Min Length","List":""},{"Key":"MaxLength","DisplayName":"Max Length","FieldType":"String","DefaultValue":"","Description":"Max Length","List":""},{"Key":"MinValue","DisplayName":"Min Value","FieldType":"String","DefaultValue":"","Description":"Min Value","List":""},{"Key":"StepValue","DisplayName":"Step Value","FieldType":"String","DefaultValue":"","Description":"Step Value","List":""},{"Key":"MaxValue","DisplayName":"Max Value","FieldType":"String","DefaultValue":"","Description":"Max Value","List":""},{"Key":"Required","DisplayName":"Required","FieldType":"Boolean","DefaultValue":"False","Description":"Required","List":""},{"Key":"Color","DisplayName":"Color","FieldType":"String","DefaultValue":"none","Description":"Color","List":"accent|error|info|neutral|none|primary|secondary|success|warning"},{"Key":"Size","DisplayName":"Size","FieldType":"String","DefaultValue":"none","Description":"Size","List":"lg|md|none|sm|xl|xs"},{"Key":"Validator","DisplayName":"Validator","FieldType":"Boolean","DefaultValue":"False","Description":"Validator","List":""},{"Key":"ValidatorHint","DisplayName":"Validator Hint","FieldType":"String","DefaultValue":"","Description":"Validator Hint","List":""},{"Key":"Visible","DisplayName":"Visible","FieldType":"Boolean","DefaultValue":"True","Description":"If visible.","List":""},{"Key":"Enabled","DisplayName":"Enabled","FieldType":"Boolean","DefaultValue":"True","Description":"If enabled.","List":""},{"Key":"PositionStyle","DisplayName":"Position Style","FieldType":"String","DefaultValue":"none","Description":"Position","List":"absolute|fixed|none|relative|static|sticky"},{"Key":"Position","DisplayName":"Position Locations","FieldType":"String","DefaultValue":"t=?; b=?; r=?; l=?","Description":"Position Locations","List":""},{"Key":"MarginAXYTBLR","DisplayName":"Margins","FieldType":"String","DefaultValue":"a=?; x=?; y=?; t=?; b=?; l=?; r=?","Description":"Margins A(all)-X(LR)-Y(TB)-T-B-L-R","List":""},{"Key":"PaddingAXYTBLR","DisplayName":"Paddings","FieldType":"String","DefaultValue":"a=?; x=?; y=?; t=?; b=?; l=?; r=?","Description":"Paddings A(all)-X(LR)-Y(TB)-T-B-L-R","List":""},{"Key":"RawClasses","DisplayName":"Classes (;)","FieldType":"String","DefaultValue":"","Description":"Classes added to the HTML tag.","List":""},{"Key":"RawStyles","DisplayName":"Styles (JSON)","FieldType":"String","DefaultValue":"","Description":"Styles added to the HTML tag. Must be a json String use = and ;","List":""},{"Key":"RawAttributes","DisplayName":"Attributes (JSON)","FieldType":"String","DefaultValue":"","Description":"Attributes added to the HTML tag. Must be a json String use = and ;","List":""}],"events":[],"methods":[{"name":"Class_Globals","signature":"Class_Globals"},{"name":"Initialize","signature":"Initialize (Callback As Object, Name As String, EventName As String)"},{"name":"getID","signature":"getID() As String"},{"name":"SetProperties","signature":"SetProperties(props As Map)"},{"name":"GetProperties","signature":"GetProperties As Map"},{"name":"AddComponent","signature":"AddComponent"},{"name":"Remove","signature":"Remove()"},{"name":"setParentID","signature":"setParentID(s As String)"},{"name":"getParentID","signature":"getParentID As String"},{"name":"getHere","signature":"getHere() As String"},{"name":"setVisible","signature":"setVisible(b As Boolean)"},{"name":"getVisible","signature":"getVisible As Boolean"},{"name":"setEnabled","signature":"setEnabled(b As Boolean)"},{"name":"getEnabled","signature":"getEnabled As Boolean"},{"name":"setPositionStyle","signature":"setPositionStyle(s As String)"},{"name":"getPositionStyle","signature":"getPositionStyle As String"},{"name":"setPosition","signature":"setPosition(s As String)"},{"name":"getPosition","signature":"getPosition As String"},{"name":"setAttributes","signature":"setAttributes(s As String)"},{"name":"setStyles","signature":"setStyles(s As String)"},{"name":"setClasses","signature":"setClasses(s As String)"},{"name":"setPaddingAXYTBLR","signature":"setPaddingAXYTBLR(s As String)"},{"name":"setMarginAXYTBLR","signature":"setMarginAXYTBLR(s As String)"},{"name":"getAttributes","signature":"getAttributes As String"},{"name":"getStyles","signature":"getStyles As String"},{"name":"getClasses","signature":"getClasses As String"},{"name":"getPaddingAXYTBLR","signature":"getPaddingAXYTBLR As String"},{"name":"getMarginAXYTBLR","signature":"getMarginAXYTBLR As String"},{"name":"DesignerCreateView","signature":"DesignerCreateView (Target As BANanoElement, Props As Map)"},{"name":"setWidth\t\t\t","signature":"setWidth(s As String)\t\t\t"},{"name":"getWidth","signature":"getWidth As String"},{"name":"setLabelWidth\t\t\t\t","signature":"setLabelWidth(s As String)\t\t\t\t"},{"name":"setMaxLength\t\t\t\t","signature":"setMaxLength(s As String)\t\t\t\t"},{"name":"setMaxValue\t\t\t","signature":"setMaxValue(s As String)\t\t\t"},{"name":"setMinLength\t\t\t","signature":"setMinLength(s As String)\t\t\t"},{"name":"setMinValue\t\t\t\t","signature":"setMinValue(s As String)\t\t\t\t"},{"name":"setRequired\t\t\t\t","signature":"setRequired(b As Boolean)\t\t\t\t"},{"name":"setStepValue\t\t\t","signature":"setStepValue(s As String)\t\t\t"},{"name":"getLabelWidth","signature":"getLabelWidth As String"},{"name":"getMaxLength","signature":"getMaxLength As String"},{"name":"getMaxValue","signature":"getMaxValue As String"},{"name":"getMinLength","signature":"getMinLength As String"},{"name":"getMinValue","signature":"getMinValue As String"},{"name":"getRequired","signature":"getRequired As Boolean"},{"name":"getStepValue","signature":"getStepValue As String"},{"name":"setLabel\t\t\t\t","signature":"setLabel(s As String)\t\t\t\t"},{"name":"setColor\t\t\t","signature":"setColor(s As String)\t\t\t"},{"name":"setFloatingLabel","signature":"setFloatingLabel(b As Boolean)"},{"name":"setInputType","signature":"setInputType(s As String)"},{"name":"setPlaceholder\t\t\t","signature":"setPlaceholder(s As String)\t\t\t"},{"name":"setOptions\t\t\t\t\t","signature":"setOptions(s As String)\t\t\t\t\t"},{"name":"SetOptionsFromMap\t\t\t\t\t","signature":"SetOptionsFromMap(m As Map)\t\t\t\t\t"},{"name":"SetOptionsFromList","signature":"SetOptionsFromList(m As List)"},{"name":"getOptions","signature":"getOptions As String"},{"name":"Clear\t\t\t","signature":"Clear\t\t\t"},{"name":"AddOption","signature":"AddOption(iKey As String, iValue As String)"},{"name":"setSize\t\t\t\t","signature":"setSize(s As String)\t\t\t\t"},{"name":"setSuffix\t\t\t\t","signature":"setSuffix(s As String)\t\t\t\t"},{"name":"setValidator\t\t\t\t","signature":"setValidator(b As Boolean)\t\t\t\t"},{"name":"setValidatorHint\t\t","signature":"setValidatorHint(s As String)\t\t"},{"name":"getLabel","signature":"getLabel As String"},{"name":"getColor","signature":"getColor As String"},{"name":"getFloatingLabel","signature":"getFloatingLabel As Boolean"},{"name":"getInputType","signature":"getInputType As String"},{"name":"getPlaceholder","signature":"getPlaceholder As String"},{"name":"getSize","signature":"getSize As String"},{"name":"getSuffix","signature":"getSuffix As String"},{"name":"getValidator","signature":"getValidator As Boolean"},{"name":"getValidatorHint","signature":"getValidatorHint As String"}]}