{"name":"SDUI5Avatar","properties":[{"Key":"ParentID","DisplayName":"ParentID","FieldType":"String","DefaultValue":"","Description":"The ParentID of this component","List":""},{"Key":"AvatarType","DisplayName":"Avatar Type","FieldType":"String","DefaultValue":"image","Description":"Avatar Type","List":"image|placeholder"},{"Key":"AvatarColor","DisplayName":"Avatar Color","FieldType":"Boolean","DefaultValue":"False","Description":"Avatar Color","List":""},{"Key":"Image","DisplayName":"Image","FieldType":"String","DefaultValue":"./assets/600by600.jpg","Description":"Image","List":""},{"Key":"Mask","DisplayName":"Mask","FieldType":"String","DefaultValue":"circle","Description":"Mask","List":"circle|decagon|diamond|heart|hexagon|hexagon-2|none|pentagon|square|squircle|star|star-2|triangle|triangle-2|triangle-3|triangle-4|rounded-2xl|rounded-3xl|rounded|rounded-lg|rounded-md|rounded-sm|rounded-xl"},{"Key":"ChatImage","DisplayName":"Chat Image","FieldType":"Boolean","DefaultValue":"False","Description":"Chat Image","List":""},{"Key":"Placeholder","DisplayName":"Placeholder","FieldType":"String","DefaultValue":"S","Description":"Placeholder","List":""},{"Key":"TextColor","DisplayName":"Text Color","FieldType":"String","DefaultValue":"","Description":"Text Color","List":""},{"Key":"TextSize","DisplayName":"Text Size","FieldType":"String","DefaultValue":"","Description":"Text Size","List":"2xl|3xl|4xl|5xl|6xl|7xl|8xl|9xl|base|lg|md|none|sm|xl|xs"},{"Key":"HasBadge","DisplayName":"Has Badge","FieldType":"Boolean","DefaultValue":"True","Description":"Has Badge","List":""},{"Key":"Badge","DisplayName":"Badge","FieldType":"String","DefaultValue":"","Description":"Badge","List":""},{"Key":"BadgeColor","DisplayName":"Badge Color","FieldType":"String","DefaultValue":"secondary","Description":"Badge Color","List":""},{"Key":"BadgePosition","DisplayName":"Badge Position","FieldType":"String","DefaultValue":"top-end","Description":"Badge Position","List":"bottom-center|middle-center|bottom-end|bottom-start|middle-end|middle-start|top-center|top-end|top-start"},{"Key":"BadgeSize","DisplayName":"Badge Size","FieldType":"String","DefaultValue":"sm","Description":"Badge Size","List":"lg|md|none|sm|xl|xs"},{"Key":"BadgeVisible","DisplayName":"Badge Visible","FieldType":"Boolean","DefaultValue":"False","Description":"Badge Visible","List":""},{"Key":"BackgroundColor","DisplayName":"Background Color","FieldType":"String","DefaultValue":"primary","Description":"Background Color","List":""},{"Key":"Size","DisplayName":"Size","FieldType":"String","DefaultValue":"12","Description":"Width & Height","List":""},{"Key":"OnlineStatus","DisplayName":"Online Status","FieldType":"Boolean","DefaultValue":"False","Description":"Online Status","List":""},{"Key":"Online","DisplayName":"Online","FieldType":"Boolean","DefaultValue":"False","Description":"Online","List":""},{"Key":"OnlineColor","DisplayName":"Online Color","FieldType":"String","DefaultValue":"","Description":"Online Color","List":""},{"Key":"Ring","DisplayName":"Ring","FieldType":"Boolean","DefaultValue":"False","Description":"Ring","List":""},{"Key":"RingColor","DisplayName":"Ring Color","FieldType":"String","DefaultValue":"primary","Description":"Ring Color","List":""},{"Key":"RingOffset","DisplayName":"Ring Offset","FieldType":"String","DefaultValue":"2","Description":"Ring Offset","List":""},{"Key":"RingOffsetColor","DisplayName":"Ring Offset Color","FieldType":"String","DefaultValue":"base-100","Description":"Ring Offset Color","List":""},{"Key":"Activator","DisplayName":"Activator","FieldType":"Boolean","DefaultValue":"False","Description":"Activator","List":""},{"Key":"PopOverTarget","DisplayName":"Pop Over Target","FieldType":"String","DefaultValue":"","Description":"Pop Over Target","List":""},{"Key":"RoundedField","DisplayName":"Rounded Field","FieldType":"Boolean","DefaultValue":"False","Description":"Rounded Field","List":""},{"Key":"Shadow","DisplayName":"Shadow","FieldType":"String","DefaultValue":"none","Description":"Shadow","List":"2xl|inner|lg|md|none|shadow|sm|xl"},{"Key":"Visible","DisplayName":"Visible","FieldType":"Boolean","DefaultValue":"True","Description":"If visible.","List":""},{"Key":"Enabled","DisplayName":"Enabled","FieldType":"Boolean","DefaultValue":"True","Description":"If enabled.","List":""},{"Key":"PositionStyle","DisplayName":"Position Style","FieldType":"String","DefaultValue":"none","Description":"Position","List":"absolute|fixed|none|relative|static|sticky"},{"Key":"Position","DisplayName":"Position Locations","FieldType":"String","DefaultValue":"t=?; b=?; r=?; l=?","Description":"Position Locations","List":""},{"Key":"MarginAXYTBLR","DisplayName":"Margins","FieldType":"String","DefaultValue":"a=?; x=?; y=?; t=?; b=?; l=?; r=?","Description":"Margins A(all)-X(LR)-Y(TB)-T-B-L-R","List":""},{"Key":"PaddingAXYTBLR","DisplayName":"Paddings","FieldType":"String","DefaultValue":"a=?; x=?; y=?; t=?; b=?; l=?; r=?","Description":"Paddings A(all)-X(LR)-Y(TB)-T-B-L-R","List":""},{"Key":"RawClasses","DisplayName":"Classes (;)","FieldType":"String","DefaultValue":"","Description":"Classes added to the HTML tag.","List":""},{"Key":"RawStyles","DisplayName":"Styles (JSON)","FieldType":"String","DefaultValue":"","Description":"Styles added to the HTML tag. Must be a json String use = and ;","List":""},{"Key":"RawAttributes","DisplayName":"Attributes (JSON)","FieldType":"String","DefaultValue":"","Description":"Attributes added to the HTML tag. Must be a json String use = and ;","List":""}],"events":[{"name":"Click (e As BANanoEvent)"}],"methods":[{"name":"Class_Globals","signature":"Class_Globals"},{"name":"Initialize","signature":"Initialize (Callback As Object, Name As String, EventName As String)"},{"name":"getID","signature":"getID() As String"},{"name":"SetProperties","signature":"SetProperties(props As Map)"},{"name":"GetProperties","signature":"GetProperties As Map"},{"name":"AddComponent","signature":"AddComponent"},{"name":"Remove","signature":"Remove()"},{"name":"setParentID","signature":"setParentID(s As String)"},{"name":"getHere","signature":"getHere() As String"},{"name":"setVisible","signature":"setVisible(b As Boolean)"},{"name":"getVisible","signature":"getVisible As Boolean"},{"name":"setEnabled","signature":"setEnabled(b As Boolean)"},{"name":"getEnabled","signature":"getEnabled As Boolean"},{"name":"setPositionStyle","signature":"setPositionStyle(s As String)"},{"name":"getPositionStyle","signature":"getPositionStyle As String"},{"name":"setPosition","signature":"setPosition(s As String)"},{"name":"getPosition","signature":"getPosition As String"},{"name":"setAttributes","signature":"setAttributes(s As String)"},{"name":"setStyles","signature":"setStyles(s As String)"},{"name":"setClasses","signature":"setClasses(s As String)"},{"name":"setPaddingAXYTBLR","signature":"setPaddingAXYTBLR(s As String)"},{"name":"setMarginAXYTBLR","signature":"setMarginAXYTBLR(s As String)"},{"name":"getAttributes","signature":"getAttributes As String"},{"name":"getStyles","signature":"getStyles As String"},{"name":"getClasses","signature":"getClasses As String"},{"name":"getPaddingAXYTBLR","signature":"getPaddingAXYTBLR As String"},{"name":"getMarginAXYTBLR","signature":"getMarginAXYTBLR As String"},{"name":"DesignerCreateView","signature":"DesignerCreateView (Target As BANanoElement, Props As Map)"},{"name":"setHasBadge\t\t\t\t","signature":"setHasBadge(b As Boolean)\t\t\t\t"},{"name":"getHasBadge","signature":"getHasBadge As Boolean"},{"name":"setAvatarColor\t\t\t","signature":"setAvatarColor(b As Boolean)\t\t\t"},{"name":"getAvatarColor","signature":"getAvatarColor As Boolean"},{"name":"setPopOverTarget\t\t\t\t","signature":"setPopOverTarget(s As String)\t\t\t\t"},{"name":"getPopOverTarget","signature":"getPopOverTarget As String\t\t\t\t\t"},{"name":"setShadow\t\t\t\t","signature":"setShadow(s As String)\t\t\t\t"},{"name":"getShadow","signature":"getShadow As String"},{"name":"setBadgeSize\t\t\t","signature":"setBadgeSize(s As String)\t\t\t"},{"name":"setBadgeVisible\t\t","signature":"setBadgeVisible(b As Boolean)\t\t"},{"name":"getBadgeSize","signature":"getBadgeSize As String"},{"name":"getBadgeVisible","signature":"getBadgeVisible As Boolean"},{"name":"setBadge\t\t\t\t","signature":"setBadge(s As String)\t\t\t\t"},{"name":"setBadgeColor\t\t\t","signature":"setBadgeColor(s As String)\t\t\t"},{"name":"setBadgePosition\t\t\t\t","signature":"setBadgePosition(s As String)\t\t\t\t"},{"name":"getBadge","signature":"getBadge As String"},{"name":"getBadgeColor","signature":"getBadgeColor As String"},{"name":"getBadgePosition","signature":"getBadgePosition As String"},{"name":"setTextSize\t\t\t","signature":"setTextSize(s As String)\t\t\t"},{"name":"getTextSize","signature":"getTextSize As String"},{"name":"setAvatarType","signature":"setAvatarType(s As String)"},{"name":"setBackgroundColor\t\t\t","signature":"setBackgroundColor(s As String)\t\t\t"},{"name":"setSize\t\t\t","signature":"setSize(s As String)\t\t\t"},{"name":"setImage","signature":"setImage(s As String)"},{"name":"setSrc","signature":"setSrc(s As String)"},{"name":"setMask\t\t\t","signature":"setMask(s As String)\t\t\t"},{"name":"setOnline\t\t\t\t","signature":"setOnline(b As Boolean)\t\t\t\t"},{"name":"setOnlineColor","signature":"setOnlineColor(s As String)"},{"name":"setOnlineStatus","signature":"setOnlineStatus(b As Boolean)"},{"name":"setPlaceholder\t\t\t","signature":"setPlaceholder(s As String)\t\t\t"},{"name":"setRing\t\t\t\t","signature":"setRing(b As Boolean)\t\t\t\t"},{"name":"setRingColor\t\t\t\t","signature":"setRingColor(s As String)\t\t\t\t"},{"name":"setRingOffset\t\t\t","signature":"setRingOffset(s As String)\t\t\t"},{"name":"setRingOffsetColor\t\t\t","signature":"setRingOffsetColor(s As String)\t\t\t"},{"name":"setTextColor\t\t\t","signature":"setTextColor(s As String)\t\t\t"},{"name":"getAvatarType","signature":"getAvatarType As String"},{"name":"getBackgroundColor","signature":"getBackgroundColor As String"},{"name":"getSize","signature":"getSize As String"},{"name":"getImage","signature":"getImage As String"},{"name":"getSrc","signature":"getSrc As String"},{"name":"getMask","signature":"getMask As String"},{"name":"getOnline","signature":"getOnline As Boolean"},{"name":"getOnlineColor","signature":"getOnlineColor As String"},{"name":"getOnlineStatus","signature":"getOnlineStatus As Boolean"},{"name":"getPlaceholder","signature":"getPlaceholder As String"},{"name":"getRing","signature":"getRing As Boolean"},{"name":"getRingColor","signature":"getRingColor As String"},{"name":"getRingOffset","signature":"getRingOffset As String"},{"name":"getRingOffsetColor","signature":"getRingOffsetColor As String"},{"name":"getTextColor","signature":"getTextColor As String"},{"name":"getParentID","signature":"getParentID() As String"},{"name":"setActivator","signature":"setActivator(b As Boolean)"},{"name":"setRoundedField","signature":"setRoundedField(b As Boolean)"},{"name":"getActivator","signature":"getActivator As Boolean"},{"name":"getRoundedField","signature":"getRoundedField As Boolean"},{"name":"setChatImage","signature":"setChatImage(b As Boolean)"},{"name":"getChatImage","signature":"getChatImage As Boolean"}]}