{"name":"SDUI5FullCalendar","properties":[{"Key":"ParentID","DisplayName":"ParentID","FieldType":"String","DefaultValue":"","Description":"The ParentID of this component","List":""},{"Key":"InitialDate","DisplayName":"Initial Date","FieldType":"String","DefaultValue":"now","Description":"Initial Date","List":""},{"Key":"InitialView","DisplayName":"Initial View","FieldType":"String","DefaultValue":"dayGridMonth","Description":"Initial View","List":"dayGridMonth|dayGridWeek|listMonth|listWeek|timeGridDay|timeGridWeek|multiMonthYear"},{"Key":"Height","DisplayName":"Height","FieldType":"String","DefaultValue":"auto","Description":"Height","List":""},{"Key":"MonthText","DisplayName":"Month Text","FieldType":"String","DefaultValue":"month","Description":"Month Text","List":""},{"Key":"DayText","DisplayName":"Day Text","FieldType":"String","DefaultValue":"day","Description":"Day Text","List":""},{"Key":"ToDayText","DisplayName":"To Day Text","FieldType":"String","DefaultValue":"today","Description":"Today Text","List":""},{"Key":"WeekText","DisplayName":"Week Text","FieldType":"String","DefaultValue":"week","Description":"Week Text","List":""},{"Key":"AspectRatio","DisplayName":"Aspect Ratio","FieldType":"String","DefaultValue":"3","Description":"Aspect Ratio","List":""},{"Key":"BusinessHours","DisplayName":"Business Hours","FieldType":"Boolean","DefaultValue":"False","Description":"Business Hours","List":""},{"Key":"ButtonIcons","DisplayName":"Button Icons","FieldType":"Boolean","DefaultValue":"True","Description":"Show The Prev/next Text","List":""},{"Key":"ContentHeight","DisplayName":"Content Height","FieldType":"String","DefaultValue":"auto","Description":"Content Height","List":""},{"Key":"DayMaxEvents","DisplayName":"Day Max Events","FieldType":"Boolean","DefaultValue":"True","Description":"Day Max Events","List":""},{"Key":"Droppable","DisplayName":"Droppable","FieldType":"Boolean","DefaultValue":"True","Description":"Droppable","List":""},{"Key":"Editable","DisplayName":"Editable","FieldType":"Boolean","DefaultValue":"True","Description":"Editable","List":""},{"Key":"ExpandRows","DisplayName":"Expand Rows","FieldType":"Boolean","DefaultValue":"False","Description":"Expand Rows","List":""},{"Key":"HeaderToolbarCenter","DisplayName":"Header Toolbar Center","FieldType":"String","DefaultValue":"title","Description":"Header Toolbar Center","List":""},{"Key":"HeaderToolbarLeft","DisplayName":"Header Toolbar Left","FieldType":"String","DefaultValue":"prevYear;prev;next;nextYear today","Description":"Header Toolbar Left","List":""},{"Key":"HeaderToolbarRight","DisplayName":"Header Toolbar Right","FieldType":"String","DefaultValue":"dayGridMonth;timeGridWeek;timeGridDay;listMonth;multiMonthYear","Description":"Header Toolbar Right","List":""},{"Key":"HeaderToolbarVisible","DisplayName":"Header Toolbar Visible","FieldType":"Boolean","DefaultValue":"True","Description":"Header Toolbar Visible","List":""},{"Key":"ListText","DisplayName":"List Text","FieldType":"String","DefaultValue":"list","Description":"List Text","List":""},{"Key":"Locale","DisplayName":"Locale","FieldType":"String","DefaultValue":"en","Description":"Locale","List":""},{"Key":"NavLinks","DisplayName":"Nav Links","FieldType":"Boolean","DefaultValue":"True","Description":"Nav Links","List":""},{"Key":"NextClickOn","DisplayName":"Next Click On","FieldType":"Boolean","DefaultValue":"False","Description":"Next Click On","List":""},{"Key":"NowIndicator","DisplayName":"Now Indicator","FieldType":"Boolean","DefaultValue":"True","Description":"Now Indicator","List":""},{"Key":"PrevClickOn","DisplayName":"Prev Click On","FieldType":"Boolean","DefaultValue":"False","Description":"Prev Click On","List":""},{"Key":"ScrollTime","DisplayName":"Scroll Time","FieldType":"String","DefaultValue":"06","Description":"Determines How Far Forward The Scroll Pane Is Initially Scrolled","List":""},{"Key":"ScrollTimeReset","DisplayName":"Scroll Time Reset","FieldType":"Boolean","DefaultValue":"True","Description":"Whether The View Should Scroll To Scrolltime Every Time The Date Range Changes.","List":""},{"Key":"SelectMirror","DisplayName":"Select Mirror","FieldType":"Boolean","DefaultValue":"True","Description":"Select Mirror","List":""},{"Key":"Selectable","DisplayName":"Selectable","FieldType":"Boolean","DefaultValue":"True","Description":"Selectable","List":""},{"Key":"SlotDuration","DisplayName":"Slot Duration","FieldType":"String","DefaultValue":"00","Description":"The Frequency For Displaying Time Slots.","List":""},{"Key":"SlotMaxTime","DisplayName":"Slot Max Time","FieldType":"String","DefaultValue":"24","Description":"The Last Time Slot That Will Be Displayed For Each Day","List":""},{"Key":"SlotMinTime","DisplayName":"Slot Min Time","FieldType":"String","DefaultValue":"00","Description":"The First Time Slot That Will Be Displayed For Each Day","List":""},{"Key":"WeekNumbers","DisplayName":"Week Numbers","FieldType":"Boolean","DefaultValue":"False","Description":"Week Numbers","List":""},{"Key":"Visible","DisplayName":"Visible","FieldType":"Boolean","DefaultValue":"True","Description":"If visible.","List":""},{"Key":"Enabled","DisplayName":"Enabled","FieldType":"Boolean","DefaultValue":"True","Description":"If enabled.","List":""},{"Key":"PositionStyle","DisplayName":"Position Style","FieldType":"String","DefaultValue":"none","Description":"Position","List":"absolute|fixed|none|relative|static|sticky"},{"Key":"Position","DisplayName":"Position Locations","FieldType":"String","DefaultValue":"t=?; b=?; r=?; l=?","Description":"Position Locations","List":""},{"Key":"MarginAXYTBLR","DisplayName":"Margins","FieldType":"String","DefaultValue":"a=?; x=?; y=?; t=?; b=?; l=?; r=?","Description":"Margins A(all)-X(LR)-Y(TB)-T-B-L-R","List":""},{"Key":"PaddingAXYTBLR","DisplayName":"Paddings","FieldType":"String","DefaultValue":"a=?; x=?; y=?; t=?; b=?; l=?; r=?","Description":"Paddings A(all)-X(LR)-Y(TB)-T-B-L-R","List":""},{"Key":"RawClasses","DisplayName":"Classes (;)","FieldType":"String","DefaultValue":"","Description":"Classes added to the HTML tag.","List":""},{"Key":"RawStyles","DisplayName":"Styles (JSON)","FieldType":"String","DefaultValue":"","Description":"Styles added to the HTML tag. Must be a json String use = and ;","List":""},{"Key":"RawAttributes","DisplayName":"Attributes (JSON)","FieldType":"String","DefaultValue":"","Description":"Attributes added to the HTML tag. Must be a json String use = and ;","List":""}],"events":[{"name":"EventClick (args As Map)"},{"name":"EventDrop (args As Map)"},{"name":"EventResize (args As Map)"},{"name":"Drop (args As Map)"},{"name":"DateClick (args As Map)"},{"name":"Select (args As Map)"},{"name":"NextMonth (e As BANanoEvent)"},{"name":"PrevMonth (e As BANanoEvent)"},{"name":"NextYear (e As BANanoEvent)"},{"name":"PrevYear (e As BANanoEvent)"},{"name":"DateRangeChange (startDate As String, endDate As String, lastView As string)"}],"methods":[{"name":"Class_Globals","signature":"Class_Globals"},{"name":"Initialize","signature":"Initialize (Callback As Object, Name As String, EventName As String)"},{"name":"getID","signature":"getID() As String"},{"name":"SetProperties","signature":"SetProperties(props As Map)"},{"name":"GetProperties","signature":"GetProperties As Map"},{"name":"AddComponent","signature":"AddComponent"},{"name":"Remove","signature":"Remove()"},{"name":"setParentID","signature":"setParentID(s As String)"},{"name":"getParentID","signature":"getParentID As String"},{"name":"getHere","signature":"getHere() As String"},{"name":"setVisible","signature":"setVisible(b As Boolean)"},{"name":"getVisible","signature":"getVisible As Boolean"},{"name":"setEnabled","signature":"setEnabled(b As Boolean)"},{"name":"getEnabled","signature":"getEnabled As Boolean"},{"name":"OnEvent","signature":"OnEvent(event As String, methodName As String)"},{"name":"setPositionStyle","signature":"setPositionStyle(s As String)"},{"name":"getPositionStyle","signature":"getPositionStyle As String"},{"name":"setPosition","signature":"setPosition(s As String)"},{"name":"getPosition","signature":"getPosition As String"},{"name":"setAttributes","signature":"setAttributes(s As String)"},{"name":"setStyles","signature":"setStyles(s As String)"},{"name":"setClasses","signature":"setClasses(s As String)"},{"name":"setPaddingAXYTBLR","signature":"setPaddingAXYTBLR(s As String)"},{"name":"setMarginAXYTBLR","signature":"setMarginAXYTBLR(s As String)"},{"name":"getAttributes","signature":"getAttributes As String"},{"name":"getStyles","signature":"getStyles As String"},{"name":"getClasses","signature":"getClasses As String"},{"name":"getPaddingAXYTBLR","signature":"getPaddingAXYTBLR As String"},{"name":"getMarginAXYTBLR","signature":"getMarginAXYTBLR As String"},{"name":"DesignerCreateView","signature":"DesignerCreateView (Target As BANanoElement, Props As Map)"},{"name":"Refresh\t\t\t\t","signature":"Refresh\t\t\t\t"},{"name":"setAspectRatio","signature":"setAspectRatio(s As String)"},{"name":"setBusinessHours","signature":"setBusinessHours(b As Boolean)"},{"name":"setButtonIcons","signature":"setButtonIcons(b As Boolean)"},{"name":"setContentHeight","signature":"setContentHeight(s As String)"},{"name":"setDayMaxEvents","signature":"setDayMaxEvents(b As Boolean)"},{"name":"setDayText","signature":"setDayText(s As String)"},{"name":"UpdateLocale","signature":"UpdateLocale(s As String)"},{"name":"setDroppable","signature":"setDroppable(b As Boolean)"},{"name":"setEditable","signature":"setEditable(b As Boolean)"},{"name":"setExpandRows","signature":"setExpandRows(b As Boolean)"},{"name":"setHeaderToolbarCenter","signature":"setHeaderToolbarCenter(s As String)"},{"name":"setHeaderToolbarLeft","signature":"setHeaderToolbarLeft(s As String)"},{"name":"setHeaderToolbarRight","signature":"setHeaderToolbarRight(s As String)"},{"name":"setHeaderToolbarVisible","signature":"setHeaderToolbarVisible(b As Boolean)"},{"name":"setHeight","signature":"setHeight(s As String)"},{"name":"setInitialDate","signature":"setInitialDate(s As String)"},{"name":"setNow","signature":"setNow(s As String)"},{"name":"setInitialView","signature":"setInitialView(s As String)"},{"name":"setListText","signature":"setListText(s As String)"},{"name":"setLocale","signature":"setLocale(s As String)"},{"name":"setMonthText","signature":"setMonthText(s As String)"},{"name":"setNavLinks","signature":"setNavLinks(b As Boolean)"},{"name":"setNextClickOn","signature":"setNextClickOn(b As Boolean)"},{"name":"setNowIndicator","signature":"setNowIndicator(b As Boolean)"},{"name":"setPrevClickOn","signature":"setPrevClickOn(b As Boolean)"},{"name":"setScrollTime","signature":"setScrollTime(s As String)"},{"name":"setScrollTimeReset","signature":"setScrollTimeReset(b As Boolean)"},{"name":"setSelectMirror","signature":"setSelectMirror(b As Boolean)"},{"name":"setSelectable","signature":"setSelectable(b As Boolean)"},{"name":"setSlotDuration","signature":"setSlotDuration(s As String)"},{"name":"setSlotMaxTime","signature":"setSlotMaxTime(s As String)"},{"name":"setSlotMinTime","signature":"setSlotMinTime(s As String)"},{"name":"setToDayText","signature":"setToDayText(s As String)"},{"name":"setWeekNumbers","signature":"setWeekNumbers(b As Boolean)"},{"name":"setWeekText","signature":"setWeekText(s As String)"},{"name":"gotoDate","signature":"gotoDate(s As String)"},{"name":"gotoToday","signature":"gotoToday"},{"name":"gotoPrevMonth","signature":"gotoPrevMonth"},{"name":"gotoNextMonth","signature":"gotoNextMonth"},{"name":"getAspectRatio","signature":"getAspectRatio As String"},{"name":"getBusinessHours","signature":"getBusinessHours As Boolean"},{"name":"getButtonIcons","signature":"getButtonIcons As Boolean"},{"name":"getContentHeight","signature":"getContentHeight As String"},{"name":"getDayMaxEvents","signature":"getDayMaxEvents As Boolean"},{"name":"getDayText","signature":"getDayText As String"},{"name":"getDroppable","signature":"getDroppable As Boolean"},{"name":"getEditable","signature":"getEditable As Boolean"},{"name":"getExpandRows","signature":"getExpandRows As Boolean"},{"name":"getHeaderToolbarCenter","signature":"getHeaderToolbarCenter As String"},{"name":"getHeaderToolbarLeft","signature":"getHeaderToolbarLeft As String"},{"name":"getHeaderToolbarRight","signature":"getHeaderToolbarRight As String"},{"name":"getHeaderToolbarVisible","signature":"getHeaderToolbarVisible As Boolean"},{"name":"getHeight","signature":"getHeight As String"},{"name":"getInitialDate","signature":"getInitialDate As String"},{"name":"getInitialView","signature":"getInitialView As String"},{"name":"getListText","signature":"getListText As String"},{"name":"getLocale","signature":"getLocale As String"},{"name":"getMonthText","signature":"getMonthText As String"},{"name":"getNavLinks","signature":"getNavLinks As Boolean"},{"name":"getNextClickOn","signature":"getNextClickOn As Boolean"},{"name":"getNowIndicator","signature":"getNowIndicator As Boolean"},{"name":"getPrevClickOn","signature":"getPrevClickOn As Boolean"},{"name":"getScrollTime","signature":"getScrollTime As String"},{"name":"getScrollTimeReset","signature":"getScrollTimeReset As Boolean"},{"name":"getSelectMirror","signature":"getSelectMirror As Boolean"},{"name":"getSelectable","signature":"getSelectable As Boolean"},{"name":"getSlotDuration","signature":"getSlotDuration As String"},{"name":"getSlotMaxTime","signature":"getSlotMaxTime As String"},{"name":"getSlotMinTime","signature":"getSlotMinTime As String"},{"name":"getToDayText","signature":"getToDayText As String"},{"name":"getWeekNumbers","signature":"getWeekNumbers As Boolean"},{"name":"getWeekText","signature":"getWeekText As String"},{"name":"changeView","signature":"changeView(vName As String)"},{"name":"ChangeViewDayGridMonth","signature":"ChangeViewDayGridMonth"},{"name":"ChangeViewDayGridWeek","signature":"ChangeViewDayGridWeek"},{"name":"ChangeViewListMonth","signature":"ChangeViewListMonth"},{"name":"ChangeViewListWeek","signature":"ChangeViewListWeek"},{"name":"ChangeViewTimeGridDay","signature":"ChangeViewTimeGridDay(day As String)"},{"name":"ChangeViewTimeGridWeek","signature":"ChangeViewTimeGridWeek"},{"name":"gotoPrevYear","signature":"gotoPrevYear"},{"name":"gotoNextYear","signature":"gotoNextYear"},{"name":"getCurrentDate","signature":"getCurrentDate As String"},{"name":"getCurrentStartDate","signature":"getCurrentStartDate As String"},{"name":"getCurrentEndDate","signature":"getCurrentEndDate As String"},{"name":"Clear","signature":"Clear"},{"name":"AddEvent","signature":"AddEvent(eID As String, egroupId As String, eTitle As String, eStart As String, eEnd As String, eAllDay As Boolean, eurl As String, eColor As String, eConstraint As String, eBackground As Boolean, eOverlap As Boolean)"},{"name":"UnSelect","signature":"UnSelect"}]}