{"name":"SDUI5Link","properties":[{"Key":"ParentID","DisplayName":"ParentID","FieldType":"String","DefaultValue":"","Description":"The ParentID of this component","List":""},{"Key":"Text","DisplayName":"Text","FieldType":"String","DefaultValue":"Link","Description":"Text","List":""},{"Key":"Color","DisplayName":"Color","FieldType":"String","DefaultValue":"none","Description":"Color","List":"accent|error|info|neutral|none|primary|secondary|success|warning"},{"Key":"TextColor","DisplayName":"Text Color","FieldType":"String","DefaultValue":"","Description":"Text Color","List":""},{"Key":"Hover","DisplayName":"Hover","FieldType":"Boolean","DefaultValue":"False","Description":"Hover","List":""},{"Key":"NormalLink","DisplayName":"Normal Link","FieldType":"Boolean","DefaultValue":"False","Description":"Normal Link","List":""},{"Key":"Href","DisplayName":"Href","FieldType":"String","DefaultValue":"#","Description":"Href","List":""},{"Key":"Icon","DisplayName":"Icon","FieldType":"String","DefaultValue":"","Description":"Icon","List":""},{"Key":"IconColor","DisplayName":"Icon Color","FieldType":"String","DefaultValue":"","Description":"Icon Color","List":""},{"Key":"IconSize","DisplayName":"Icon Size","FieldType":"String","DefaultValue":"24px","Description":"Icon Size","List":""},{"Key":"IconPosition","DisplayName":"Icon Position","FieldType":"String","DefaultValue":"left","Description":"Icon Position","List":"left|right"},{"Key":"ListItem","DisplayName":"List Item","FieldType":"Boolean","DefaultValue":"False","Description":"List Item","List":""},{"Key":"Target","DisplayName":"Target","FieldType":"String","DefaultValue":"none","Description":"Target","List":"_blank|_parent|_self|_top|none"},{"Key":"Visible","DisplayName":"Visible","FieldType":"Boolean","DefaultValue":"True","Description":"If visible.","List":""},{"Key":"Enabled","DisplayName":"Enabled","FieldType":"Boolean","DefaultValue":"True","Description":"If enabled.","List":""},{"Key":"PositionStyle","DisplayName":"Position Style","FieldType":"String","DefaultValue":"none","Description":"Position","List":"absolute|fixed|none|relative|static|sticky"},{"Key":"Position","DisplayName":"Position Locations","FieldType":"String","DefaultValue":"t=?; b=?; r=?; l=?","Description":"Position Locations","List":""},{"Key":"MarginAXYTBLR","DisplayName":"Margins","FieldType":"String","DefaultValue":"a=?; x=?; y=?; t=?; b=?; l=?; r=?","Description":"Margins A(all)-X(LR)-Y(TB)-T-B-L-R","List":""},{"Key":"PaddingAXYTBLR","DisplayName":"Paddings","FieldType":"String","DefaultValue":"a=?; x=?; y=?; t=?; b=?; l=?; r=?","Description":"Paddings A(all)-X(LR)-Y(TB)-T-B-L-R","List":""},{"Key":"RawClasses","DisplayName":"Classes (;)","FieldType":"String","DefaultValue":"","Description":"Classes added to the HTML tag.","List":""},{"Key":"RawStyles","DisplayName":"Styles (JSON)","FieldType":"String","DefaultValue":"","Description":"Styles added to the HTML tag. Must be a json String use = and ;","List":""},{"Key":"RawAttributes","DisplayName":"Attributes (JSON)","FieldType":"String","DefaultValue":"","Description":"Attributes added to the HTML tag. Must be a json String use = and ;","List":""}],"events":[{"name":"Click (e As BANanoEvent)"}],"methods":[{"name":"Class_Globals","signature":"Class_Globals"},{"name":"Initialize","signature":"Initialize (Callback As Object, Name As String, EventName As String)"},{"name":"getID","signature":"getID() As String"},{"name":"setTextColor","signature":"setTextColor(s As String)"},{"name":"getTextColor","signature":"getTextColor As String"},{"name":"SetProperties","signature":"SetProperties(props As Map)"},{"name":"GetProperties","signature":"GetProperties As Map"},{"name":"AddComponent","signature":"AddComponent"},{"name":"Remove","signature":"Remove()"},{"name":"setParentID","signature":"setParentID(s As String)"},{"name":"getHere","signature":"getHere() As String"},{"name":"setVisible","signature":"setVisible(b As Boolean)"},{"name":"getVisible","signature":"getVisible As Boolean"},{"name":"setEnabled","signature":"setEnabled(b As Boolean)"},{"name":"getEnabled","signature":"getEnabled As Boolean"},{"name":"setPositionStyle","signature":"setPositionStyle(s As String)"},{"name":"getPositionStyle","signature":"getPositionStyle As String"},{"name":"ResponsiveClass","signature":"ResponsiveClass(className As String, xs As Boolean, sm As Boolean, md As Boolean, lg As Boolean)"},{"name":"setPosition","signature":"setPosition(s As String)"},{"name":"getPosition","signature":"getPosition As String"},{"name":"setAttributes","signature":"setAttributes(s As String)"},{"name":"setStyles","signature":"setStyles(s As String)"},{"name":"setClasses","signature":"setClasses(s As String)"},{"name":"setPaddingAXYTBLR","signature":"setPaddingAXYTBLR(s As String)"},{"name":"setMarginAXYTBLR","signature":"setMarginAXYTBLR(s As String)"},{"name":"getAttributes","signature":"getAttributes As String"},{"name":"getStyles","signature":"getStyles As String"},{"name":"getClasses","signature":"getClasses As String"},{"name":"getPaddingAXYTBLR","signature":"getPaddingAXYTBLR As String"},{"name":"getMarginAXYTBLR","signature":"getMarginAXYTBLR As String"},{"name":"setText\t\t\t\t","signature":"setText(text As String)\t\t\t\t"},{"name":"getText","signature":"getText As String"},{"name":"DesignerCreateView","signature":"DesignerCreateView (Target As BANanoElement, Props As Map)"},{"name":"setNormalLink","signature":"setNormalLink(b As Boolean)"},{"name":"getNormalLink","signature":"getNormalLink As Boolean"},{"name":"setIconPosition","signature":"setIconPosition(s As String)"},{"name":"getIconPosition","signature":"getIconPosition As String"},{"name":"setColor","signature":"setColor(s As String)"},{"name":"setHover","signature":"setHover(b As Boolean)"},{"name":"setHref","signature":"setHref(s As String)"},{"name":"setIcon\t\t\t","signature":"setIcon(s As String)\t\t\t"},{"name":"setIconColor\t\t\t","signature":"setIconColor(s As String)\t\t\t"},{"name":"setIconSize\t\t\t\t","signature":"setIconSize(s As String)\t\t\t\t"},{"name":"setTarget","signature":"setTarget(s As String)"},{"name":"getColor","signature":"getColor As String"},{"name":"getHover","signature":"getHover As Boolean"},{"name":"getHref","signature":"getHref As String"},{"name":"getIcon","signature":"getIcon As String"},{"name":"getIconColor","signature":"getIconColor As String"},{"name":"getIconSize","signature":"getIconSize As String"},{"name":"getTarget","signature":"getTarget As String"},{"name":"getParentID","signature":"getParentID() As String"},{"name":"OnEvent","signature":"OnEvent(event As String, methodName As String)"},{"name":"AddClass","signature":"AddClass(className As String)"},{"name":"AddAttr","signature":"AddAttr(k As String, v As String)"},{"name":"RemoveClass","signature":"RemoveClass(s As String)"},{"name":"AddStyle","signature":"AddStyle(k As String, v As String)"}]}