{"name":"SDUI5Modal","properties":[{"Key":"ReadMe","DisplayName":"ReadMe","FieldType":"String","DefaultValue":"Child Item _box|_title|_form|_action","Description":"Child Item _box|_title|_form|_action","List":""},{"Key":"ParentID","DisplayName":"ParentID","FieldType":"String","DefaultValue":"","Description":"The ParentID of this component","List":""},{"Key":"IsCard","DisplayName":"Is Card","FieldType":"Boolean","DefaultValue":"False","Description":"Is Card","List":""},{"Key":"Size","DisplayName":"Card Size","FieldType":"String","DefaultValue":"lg","Description":"Card Size","List":"lg|md|none|sm|xl|xs"},{"Key":"Title","DisplayName":"Title","FieldType":"String","DefaultValue":"Modal Dialog","Description":"Title","List":""},{"Key":"TitleTextColor","DisplayName":"Title Text Color","FieldType":"String","DefaultValue":"","Description":"Title Text Color","List":""},{"Key":"TitleVisible","DisplayName":"Title Visible","FieldType":"Boolean","DefaultValue":"True","Description":"Title Visible","List":""},{"Key":"Icon","DisplayName":"Icon","FieldType":"String","DefaultValue":"","Description":"Icon","List":""},{"Key":"IconColor","DisplayName":"Icon Color","FieldType":"String","DefaultValue":"","Description":"Icon Color","List":""},{"Key":"IconSize","DisplayName":"Icon Size","FieldType":"String","DefaultValue":"32px","Description":"Icon Size","List":""},{"Key":"IconVisible","DisplayName":"Icon Visible","FieldType":"Boolean","DefaultValue":"False","Description":"Icon Visible","List":""},{"Key":"RawHtml","DisplayName":"HTML Message","FieldType":"String","DefaultValue":"","Description":"HTML Message","List":""},{"Key":"Open","DisplayName":"Open","FieldType":"Boolean","DefaultValue":"False","Description":"Open","List":""},{"Key":"Closable","DisplayName":"Closable","FieldType":"Boolean","DefaultValue":"True","Description":"Closable","List":""},{"Key":"Backdrop","DisplayName":"Backdrop","FieldType":"Boolean","DefaultValue":"True","Description":"Backdrop","List":""},{"Key":"Glass","DisplayName":"Glass","FieldType":"Boolean","DefaultValue":"False","Description":"Glass","List":""},{"Key":"ActionsVisible","DisplayName":"Actions Visible","FieldType":"Boolean","DefaultValue":"True","Description":"Actions Visible","List":""},{"Key":"ActionType","DisplayName":"Action Type","FieldType":"String","DefaultValue":"yes-no","Description":"Action Type","List":"cancel|no|yes|yes-no|yes-no-cancel|ok-cancel|retry-cancel|abort-retry-ignore"},{"Key":"BottonsWidth","DisplayName":"Bottons Width","FieldType":"String","DefaultValue":"22","Description":"Bottons Width","List":""},{"Key":"ButtonsShadow","DisplayName":"Buttons Shadow","FieldType":"String","DefaultValue":"md","Description":"Buttons Shadow","List":"2xl|inner|lg|md|none|shadow|sm|xl"},{"Key":"ButtonsRounded","DisplayName":"Buttons Rounded","FieldType":"String","DefaultValue":"md","Description":"Buttons Rounded","List":"none|rounded|2xl|3xl|full|lg|md|sm|xl|0"},{"Key":"YesCaption","DisplayName":"Yes/Ok/Retry/Abort Caption","FieldType":"String","DefaultValue":"Yes","Description":"Yes Caption","List":""},{"Key":"YesTextColor","DisplayName":"Yes Text Color","FieldType":"String","DefaultValue":"#ffffff","Description":"Yes Text Color","List":""},{"Key":"YesColor","DisplayName":"Yes Color","FieldType":"String","DefaultValue":"success","Description":"Yes Color","List":""},{"Key":"YesLoading","DisplayName":"Yes Loading","FieldType":"Boolean","DefaultValue":"False","Description":"Yes Loading","List":""},{"Key":"NoCaption","DisplayName":"No/Retry Caption","FieldType":"String","DefaultValue":"No","Description":"No Caption","List":""},{"Key":"NoTextColor","DisplayName":"No Text Color","FieldType":"String","DefaultValue":"#ffffff","Description":"No Text Color","List":""},{"Key":"NoColor","DisplayName":"No Color","FieldType":"String","DefaultValue":"error","Description":"No Color","List":""},{"Key":"NoLoading","DisplayName":"No Loading","FieldType":"Boolean","DefaultValue":"False","Description":"No Loading","List":""},{"Key":"NoVisible","DisplayName":"No Visible","FieldType":"Boolean","DefaultValue":"True","Description":"No Visible","List":""},{"Key":"CancelCaption","DisplayName":"Cancel/Ignore Caption","FieldType":"String","DefaultValue":"Cancel","Description":"Cancel Caption","List":""},{"Key":"CancelTextColor","DisplayName":"Cancel Text Color","FieldType":"String","DefaultValue":"#ffffff","Description":"Cancel Text Color","List":""},{"Key":"CancelColor","DisplayName":"Cancel Color","FieldType":"String","DefaultValue":"gray","Description":"Cancel Color","List":""},{"Key":"CancelLoading","DisplayName":"Cancel Loading","FieldType":"Boolean","DefaultValue":"False","Description":"Cancel Loading","List":""},{"Key":"CancelVisible","DisplayName":"Cancel Visible","FieldType":"Boolean","DefaultValue":"True","Description":"Cancel Visible","List":""},{"Key":"Height","DisplayName":"Height","FieldType":"String","DefaultValue":"fit","Description":"Height","List":""},{"Key":"Width","DisplayName":"Width","FieldType":"String","DefaultValue":"700px","Description":"Width","List":""},{"Key":"FullScreen","DisplayName":"Full Screen","FieldType":"Boolean","DefaultValue":"False","Description":"Full Screen","List":""},{"Key":"BackgroundColor","DisplayName":"Background Color","FieldType":"String","DefaultValue":"base-100","Description":"Background Color","List":""},{"Key":"Border","DisplayName":"Border","FieldType":"Boolean","DefaultValue":"True","Description":"Border","List":""},{"Key":"Dash","DisplayName":"Dash","FieldType":"Boolean","DefaultValue":"False","Description":"Dash","List":""},{"Key":"Rounded","DisplayName":"Rounded","FieldType":"String","DefaultValue":"none","Description":"Rounded","List":"0|2xl|3xl|full|lg|md|none|rounded|sm|xl"},{"Key":"RoundedBox","DisplayName":"Rounded Box","FieldType":"Boolean","DefaultValue":"False","Description":"Rounded Box","List":""},{"Key":"Shadow","DisplayName":"Shadow","FieldType":"String","DefaultValue":"sm","Description":"Shadow","List":"2xl|inner|lg|md|none|shadow|sm|xl"},{"Key":"MoveFrom","DisplayName":"Move From","FieldType":"String","DefaultValue":"middle","Description":"Move From","List":"bottom|end|middle|start|top"},{"Key":"SMMoveFrom","DisplayName":"SM Move From","FieldType":"String","DefaultValue":"none","Description":"S m Move From","List":"bottom|end|middle|none|start|top"},{"Key":"MDMoveFrom","DisplayName":"MD Move From","FieldType":"String","DefaultValue":"none","Description":"M d Move From","List":"bottom|end|middle|none|start|top"},{"Key":"LGMoveFrom","DisplayName":"LG Move From","FieldType":"String","DefaultValue":"none","Description":"L g Move From","List":"bottom|end|middle|none|start|top"},{"Key":"XLMoveFrom","DisplayName":"XL Move From","FieldType":"String","DefaultValue":"none","Description":"X l Move From","List":"bottom|end|middle|none|start|top"},{"Key":"Visible","DisplayName":"Visible","FieldType":"Boolean","DefaultValue":"True","Description":"If visible.","List":""},{"Key":"Enabled","DisplayName":"Enabled","FieldType":"Boolean","DefaultValue":"True","Description":"If enabled.","List":""},{"Key":"PositionStyle","DisplayName":"Position Style","FieldType":"String","DefaultValue":"none","Description":"Position","List":"absolute|fixed|none|relative|static|sticky"},{"Key":"Position","DisplayName":"Position Locations","FieldType":"String","DefaultValue":"t=?; b=?; r=?; l=?","Description":"Position Locations","List":""},{"Key":"MarginAXYTBLR","DisplayName":"Margins","FieldType":"String","DefaultValue":"a=?; x=?; y=?; t=?; b=?; l=?; r=?","Description":"Margins A(all)-X(LR)-Y(TB)-T-B-L-R","List":""},{"Key":"PaddingAXYTBLR","DisplayName":"Paddings","FieldType":"String","DefaultValue":"a=?; x=?; y=?; t=?; b=?; l=?; r=?","Description":"Paddings A(all)-X(LR)-Y(TB)-T-B-L-R","List":""},{"Key":"RawClasses","DisplayName":"Classes (;)","FieldType":"String","DefaultValue":"","Description":"Classes added to the HTML tag.","List":""},{"Key":"RawStyles","DisplayName":"Styles (JSON)","FieldType":"String","DefaultValue":"","Description":"Styles added to the HTML tag. Must be a json String use = and ;","List":""},{"Key":"RawAttributes","DisplayName":"Attributes (JSON)","FieldType":"String","DefaultValue":"","Description":"Attributes added to the HTML tag. Must be a json String use = and ;","List":""}],"events":[{"name":"Yes_Click (e As BANanoEvent)"},{"name":"No_Click (e As BANanoEvent)"},{"name":"Cancel_Click (e As BANanoEvent)"},{"name":"Ok_Click (e As BANanoEvent)"},{"name":"Retry_Click (e As BANanoEvent)"},{"name":"Abort_Click (e As BANanoEvent)"},{"name":"Ignore_Click (e As BANanoEvent)"}],"methods":[{"name":"Class_Globals","signature":"Class_Globals"},{"name":"Initialize","signature":"Initialize (Callback As Object, Name As String, EventName As String)"},{"name":"getID","signature":"getID() As String"},{"name":"SetProperties","signature":"SetProperties(props As Map)"},{"name":"GetProperties","signature":"GetProperties As Map"},{"name":"AddComponent","signature":"AddComponent"},{"name":"Remove","signature":"Remove()"},{"name":"setParentID","signature":"setParentID(s As String)"},{"name":"getParentID","signature":"getParentID As String"},{"name":"getHere","signature":"getHere() As String"},{"name":"setVisible","signature":"setVisible(b As Boolean)"},{"name":"getVisible","signature":"getVisible As Boolean"},{"name":"setEnabled","signature":"setEnabled(b As Boolean)"},{"name":"getEnabled","signature":"getEnabled As Boolean"},{"name":"setPositionStyle","signature":"setPositionStyle(s As String)"},{"name":"getPositionStyle","signature":"getPositionStyle As String"},{"name":"setPosition","signature":"setPosition(s As String)"},{"name":"getPosition","signature":"getPosition As String"},{"name":"setAttributes","signature":"setAttributes(s As String)"},{"name":"setStyles","signature":"setStyles(s As String)"},{"name":"setClasses","signature":"setClasses(s As String)"},{"name":"setPaddingAXYTBLR","signature":"setPaddingAXYTBLR(s As String)"},{"name":"setMarginAXYTBLR","signature":"setMarginAXYTBLR(s As String)"},{"name":"getAttributes","signature":"getAttributes As String"},{"name":"setTitleVisible\t\t\t","signature":"setTitleVisible(b As Boolean)\t\t\t"},{"name":"getTitleVisible","signature":"getTitleVisible As Boolean"},{"name":"getStyles","signature":"getStyles As String"},{"name":"getClasses","signature":"getClasses As String"},{"name":"getPaddingAXYTBLR","signature":"getPaddingAXYTBLR As String"},{"name":"setIsCard","signature":"setIsCard(b As Boolean)"},{"name":"getIsCard","signature":"getIsCard As Boolean"},{"name":"getMarginAXYTBLR","signature":"getMarginAXYTBLR As String"},{"name":"DesignerCreateView","signature":"DesignerCreateView (Target As BANanoElement, Props As Map)"},{"name":"RemoveBodyPadding","signature":"RemoveBodyPadding"},{"name":"RemoveFormPadding","signature":"RemoveFormPadding"},{"name":"setShadow","signature":"setShadow(s As String)"},{"name":"setRounded","signature":"setRounded(s As String)"},{"name":"setRoundedBox","signature":"setRoundedBox(b As Boolean)"},{"name":"setDash","signature":"setDash(b As Boolean)"},{"name":"setBackgroundColor\t\t\t\t","signature":"setBackgroundColor(s As String)\t\t\t\t"},{"name":"setBorder","signature":"setBorder(b As Boolean)"},{"name":"getRounded","signature":"getRounded As String"},{"name":"getRoundedBox","signature":"getRoundedBox As Boolean"},{"name":"getDash","signature":"getDash As Boolean"},{"name":"getBackgroundColor","signature":"getBackgroundColor As String"},{"name":"getBorder","signature":"getBorder As Boolean"},{"name":"setIconSize\t\t\t","signature":"setIconSize(s As String)\t\t\t"},{"name":"getIconSize","signature":"getIconSize As String"},{"name":"setIconVisible\t\t\t\t","signature":"setIconVisible(b As Boolean)\t\t\t\t"},{"name":"getIconVisible","signature":"getIconVisible As Boolean"},{"name":"setIcon\t\t\t","signature":"setIcon(s As String)\t\t\t"},{"name":"getIcon","signature":"getIcon As String"},{"name":"setIconColor\t\t\t","signature":"setIconColor(s As String)\t\t\t"},{"name":"getIconColor","signature":"getIconColor As String"},{"name":"setTitleTextColor\t\t\t","signature":"setTitleTextColor(s As String)\t\t\t"},{"name":"getTitleTextColor","signature":"getTitleTextColor As String"},{"name":"setButtonsRounded","signature":"setButtonsRounded(s As String)"},{"name":"getButtonsRounded","signature":"getButtonsRounded As String"},{"name":"setBottonsWidth","signature":"setBottonsWidth(s As String)"},{"name":"setButtonsShadow","signature":"setButtonsShadow(s As String)"},{"name":"getBottonsWidth","signature":"getBottonsWidth As String"},{"name":"getButtonsShadow","signature":"getButtonsShadow As String"},{"name":"setFullScreen\t\t","signature":"setFullScreen(b As Boolean)\t\t"},{"name":"setHTML\t\t\t\t","signature":"setHTML(s As String)\t\t\t\t"},{"name":"getHTML","signature":"getHTML As String"},{"name":"setActionsVisible\t\t\t","signature":"setActionsVisible(b As Boolean)\t\t\t"},{"name":"setBackdrop\t\t\t","signature":"setBackdrop(b As Boolean)\t\t\t"},{"name":"setClosable\t\t\t","signature":"setClosable(b As Boolean)\t\t\t"},{"name":"setGlass\t\t\t","signature":"setGlass(b As Boolean)\t\t\t"},{"name":"setHeight\t\t\t","signature":"setHeight(s As String)\t\t\t"},{"name":"setLGMoveFrom","signature":"setLGMoveFrom(s As String)"},{"name":"setMDMoveFrom","signature":"setMDMoveFrom(s As String)"},{"name":"setMoveFrom","signature":"setMoveFrom(s As String)"},{"name":"setOpen","signature":"setOpen(b As Boolean)"},{"name":"setSMMoveFrom","signature":"setSMMoveFrom(s As String)"},{"name":"setTitle\t\t\t\t\t","signature":"setTitle(s As String)\t\t\t\t\t"},{"name":"setWidth\t\t\t","signature":"setWidth(s As String)\t\t\t"},{"name":"setXLMoveFrom","signature":"setXLMoveFrom(s As String)"},{"name":"getActionsVisible","signature":"getActionsVisible As Boolean"},{"name":"getBackdrop","signature":"getBackdrop As Boolean"},{"name":"getClosable","signature":"getClosable As Boolean"},{"name":"getGlass","signature":"getGlass As Boolean"},{"name":"getHeight","signature":"getHeight As String"},{"name":"getLGMoveFrom","signature":"getLGMoveFrom As String"},{"name":"getMDMoveFrom","signature":"getMDMoveFrom As String"},{"name":"getMoveFrom","signature":"getMoveFrom As String"},{"name":"getOpen","signature":"getOpen As Boolean"},{"name":"getSMMoveFrom","signature":"getSMMoveFrom As String"},{"name":"getTitle","signature":"getTitle As String"},{"name":"getWidth","signature":"getWidth As String"},{"name":"getXLMoveFrom","signature":"getXLMoveFrom As String"},{"name":"Show","signature":"Show"},{"name":"Close","signature":"Close"},{"name":"setCancelCaption","signature":"setCancelCaption(s As String)"},{"name":"setCancelColor","signature":"setCancelColor(s As String)"},{"name":"setCancelLoading","signature":"setCancelLoading(b As Boolean)"},{"name":"setCancelTextColor","signature":"setCancelTextColor(s As String)"},{"name":"setCancelVisible","signature":"setCancelVisible(b As Boolean)"},{"name":"setNoCaption","signature":"setNoCaption(s As String)"},{"name":"setNoColor","signature":"setNoColor(s As String)"},{"name":"setNoLoading","signature":"setNoLoading(b As Boolean)"},{"name":"setNoTextColor","signature":"setNoTextColor(s As String)"},{"name":"setNoVisible","signature":"setNoVisible(b As Boolean)"},{"name":"setYesCaption","signature":"setYesCaption(s As String)"},{"name":"setYesColor","signature":"setYesColor(s As String)"},{"name":"setYesLoading","signature":"setYesLoading(b As Boolean)"},{"name":"setYesTextColor","signature":"setYesTextColor(s As String)"},{"name":"setYesVisible","signature":"setYesVisible(b As Boolean)"},{"name":"getCancelCaption","signature":"getCancelCaption As String"},{"name":"getCancelColor","signature":"getCancelColor As String"},{"name":"getCancelLoading","signature":"getCancelLoading As Boolean"},{"name":"getCancelTextColor","signature":"getCancelTextColor As String"},{"name":"getCancelVisible","signature":"getCancelVisible As Boolean"},{"name":"getNoCaption","signature":"getNoCaption As String"},{"name":"getNoColor","signature":"getNoColor As String"},{"name":"getNoLoading","signature":"getNoLoading As Boolean"},{"name":"getNoTextColor","signature":"getNoTextColor As String"},{"name":"getNoVisible","signature":"getNoVisible As Boolean"},{"name":"getYesCaption","signature":"getYesCaption As String"},{"name":"getYesColor","signature":"getYesColor As String"},{"name":"getYesLoading","signature":"getYesLoading As Boolean"},{"name":"getYesTextColor","signature":"getYesTextColor As String"},{"name":"getYesVisible","signature":"getYesVisible As Boolean"},{"name":"ResetValidation","signature":"ResetValidation"},{"name":"Validate","signature":"Validate(response As Boolean)"},{"name":"IsValid","signature":"IsValid As Boolean"}]}