{"name":"SDUI5Collapse","properties":[{"Key":"ReadMe","DisplayName":"ReadMe","FieldType":"String","DefaultValue":"Child Item _title|_content","Description":"Child Item _title|_content","List":""},{"Key":"ParentID","DisplayName":"ParentID","FieldType":"String","DefaultValue":"","Description":"The ParentID of this component","List":""},{"Key":"GroupName","DisplayName":"Group Name","FieldType":"String","DefaultValue":"","Description":"Group Name","List":""},{"Key":"Icon","DisplayName":"Icon","FieldType":"String","DefaultValue":"","Description":"Icon","List":""},{"Key":"IconColor","DisplayName":"Icon Color","FieldType":"String","DefaultValue":"","Description":"Icon Color","List":""},{"Key":"IconSize","DisplayName":"Icon Size","FieldType":"String","DefaultValue":"32px","Description":"Icon Size","List":""},{"Key":"Title","DisplayName":"Title","FieldType":"String","DefaultValue":"Collapse","Description":"Title","List":""},{"Key":"TitleBackgroundColor","DisplayName":"Title Background Color","FieldType":"String","DefaultValue":"","Description":"Title Background Color","List":""},{"Key":"TitleTextColor","DisplayName":"Title Text Color","FieldType":"String","DefaultValue":"","Description":"Title Text Color","List":""},{"Key":"TitleClass","DisplayName":"Title Class","FieldType":"String","DefaultValue":"font-semibold","Description":"Title Class","List":""},{"Key":"RawContent","DisplayName":"HTML Content","FieldType":"String","DefaultValue":"Collapse Content","Description":"HTML Content","List":""},{"Key":"ContentBackgroundColor","DisplayName":"Content Background Color","FieldType":"String","DefaultValue":"base-100","Description":"Content Background Color","List":""},{"Key":"ContentTextColor","DisplayName":"Content Text Color","FieldType":"String","DefaultValue":"","Description":"Content Text Color","List":""},{"Key":"ContentTextSize","DisplayName":"Content Text Size","FieldType":"String","DefaultValue":"sm","Description":"Content Text Size","List":"2xl|3xl|4xl|5xl|6xl|7xl|8xl|9xl|base|lg|md|none|sm|xl|xs"},{"Key":"ContentClass","DisplayName":"Content Class","FieldType":"String","DefaultValue":"","Description":"Content Class","List":""},{"Key":"Active","DisplayName":"Active","FieldType":"Boolean","DefaultValue":"False","Description":"Active","List":""},{"Key":"RightIcon","DisplayName":"Right Icon","FieldType":"String","DefaultValue":"arrow","Description":"Right Icon","List":"arrow|plus"},{"Key":"JoinItem","DisplayName":"Join Item","FieldType":"Boolean","DefaultValue":"False","Description":"Join Item","List":""},{"Key":"TextColor","DisplayName":"Text Color","FieldType":"String","DefaultValue":"","Description":"Text Color","List":""},{"Key":"BackgroundColor","DisplayName":"Background Color","FieldType":"String","DefaultValue":"base-100","Description":"Background Color","List":""},{"Key":"Border","DisplayName":"Border","FieldType":"Boolean","DefaultValue":"True","Description":"Border","List":""},{"Key":"BorderColor","DisplayName":"Border Color","FieldType":"String","DefaultValue":"base-300","Description":"Border Color","List":""},{"Key":"OpenClose","DisplayName":"Open Close","FieldType":"String","DefaultValue":"none","Description":"Open Close","List":"close|none|open"},{"Key":"Rounded","DisplayName":"Rounded","FieldType":"String","DefaultValue":"none","Description":"Rounded","List":"0|2xl|3xl|full|lg|md|none|rounded|sm|xl"},{"Key":"Shadow","DisplayName":"Shadow","FieldType":"String","DefaultValue":"none","Description":"Shadow","List":"2xl|inner|lg|md|none|shadow|sm|xl"},{"Key":"Visible","DisplayName":"Visible","FieldType":"Boolean","DefaultValue":"True","Description":"If visible.","List":""},{"Key":"Enabled","DisplayName":"Enabled","FieldType":"Boolean","DefaultValue":"True","Description":"If enabled.","List":""},{"Key":"PositionStyle","DisplayName":"Position Style","FieldType":"String","DefaultValue":"none","Description":"Position","List":"absolute|fixed|none|relative|static|sticky"},{"Key":"Position","DisplayName":"Position Locations","FieldType":"String","DefaultValue":"t=?; b=?; r=?; l=?","Description":"Position Locations","List":""},{"Key":"MarginAXYTBLR","DisplayName":"Margins","FieldType":"String","DefaultValue":"a=?; x=?; y=?; t=?; b=?; l=?; r=?","Description":"Margins A(all)-X(LR)-Y(TB)-T-B-L-R","List":""},{"Key":"PaddingAXYTBLR","DisplayName":"Paddings","FieldType":"String","DefaultValue":"a=?; x=?; y=?; t=?; b=?; l=?; r=?","Description":"Paddings A(all)-X(LR)-Y(TB)-T-B-L-R","List":""},{"Key":"RawClasses","DisplayName":"Classes (;)","FieldType":"String","DefaultValue":"","Description":"Classes added to the HTML tag.","List":""},{"Key":"RawStyles","DisplayName":"Styles (JSON)","FieldType":"String","DefaultValue":"","Description":"Styles added to the HTML tag. Must be a json String use = and ;","List":""},{"Key":"RawAttributes","DisplayName":"Attributes (JSON)","FieldType":"String","DefaultValue":"","Description":"Attributes added to the HTML tag. Must be a json String use = and ;","List":""}],"events":[],"methods":[{"name":"Class_Globals","signature":"Class_Globals"},{"name":"Initialize","signature":"Initialize (Callback As Object, Name As String, EventName As String)"},{"name":"getID","signature":"getID() As String"},{"name":"SetProperties","signature":"SetProperties(props As Map)"},{"name":"GetProperties","signature":"GetProperties As Map"},{"name":"AddComponent","signature":"AddComponent"},{"name":"Remove","signature":"Remove()"},{"name":"setParentID","signature":"setParentID(s As String)"},{"name":"getParentID","signature":"getParentID As String"},{"name":"getHere","signature":"getHere() As String"},{"name":"setVisible","signature":"setVisible(b As Boolean)"},{"name":"getVisible","signature":"getVisible As Boolean"},{"name":"setEnabled","signature":"setEnabled(b As Boolean)"},{"name":"getEnabled","signature":"getEnabled As Boolean"},{"name":"setPositionStyle","signature":"setPositionStyle(s As String)"},{"name":"getPositionStyle","signature":"getPositionStyle As String"},{"name":"setPosition","signature":"setPosition(s As String)"},{"name":"getPosition","signature":"getPosition As String"},{"name":"setAttributes","signature":"setAttributes(s As String)"},{"name":"setStyles","signature":"setStyles(s As String)"},{"name":"setClasses","signature":"setClasses(s As String)"},{"name":"setPaddingAXYTBLR","signature":"setPaddingAXYTBLR(s As String)"},{"name":"setMarginAXYTBLR","signature":"setMarginAXYTBLR(s As String)"},{"name":"getAttributes","signature":"getAttributes As String"},{"name":"getStyles","signature":"getStyles As String"},{"name":"getClasses","signature":"getClasses As String"},{"name":"getPaddingAXYTBLR","signature":"getPaddingAXYTBLR As String"},{"name":"getMarginAXYTBLR","signature":"getMarginAXYTBLR As String"},{"name":"DesignerCreateView","signature":"DesignerCreateView (Target As BANanoElement, Props As Map)"},{"name":"setTitleClass\t\t\t\t","signature":"setTitleClass(s As String)\t\t\t\t"},{"name":"getTitleClass","signature":"getTitleClass As String"},{"name":"setContentClass\t\t\t","signature":"setContentClass(s As String)\t\t\t"},{"name":"getContentClass","signature":"getContentClass As String"},{"name":"LinkExisting","signature":"LinkExisting"},{"name":"ClearContent","signature":"ClearContent"},{"name":"HideContent","signature":"HideContent(skey As String)"},{"name":"ShowContent","signature":"ShowContent(skey As String)"},{"name":"setIcon\t\t\t\t","signature":"setIcon(s As String)\t\t\t\t"},{"name":"getIcon","signature":"getIcon As String"},{"name":"setIconColor\t\t\t\t","signature":"setIconColor(s As String)\t\t\t\t"},{"name":"getIconColor","signature":"getIconColor As String"},{"name":"setIconSize\t\t\t","signature":"setIconSize(s As String)\t\t\t"},{"name":"getIconSize","signature":"getIconSize As String"},{"name":"setGroupName\t\t\t","signature":"setGroupName(s As String)\t\t\t"},{"name":"getGroupName","signature":"getGroupName As String"},{"name":"setActive\t\t","signature":"setActive(b As Boolean)\t\t"},{"name":"getActive","signature":"getActive As Boolean"},{"name":"setBackgroundColor","signature":"setBackgroundColor(s As String)"},{"name":"setBorderColor","signature":"setBorderColor(s As String)"},{"name":"setContentBackgroundColor\t\t\t","signature":"setContentBackgroundColor(s As String)\t\t\t"},{"name":"setContentTextColor\t\t\t\t","signature":"setContentTextColor(s As String)\t\t\t\t"},{"name":"setContentTextSize\t\t\t","signature":"setContentTextSize(s As String)\t\t\t"},{"name":"setJoinItem\t\t\t","signature":"setJoinItem(b As Boolean)\t\t\t"},{"name":"setOpenClose","signature":"setOpenClose(s As String)"},{"name":"setContent\t\t\t","signature":"setContent(s As String)\t\t\t"},{"name":"setRightIcon","signature":"setRightIcon(s As String)"},{"name":"setRounded","signature":"setRounded(s As String)"},{"name":"setShadow","signature":"setShadow(s As String)"},{"name":"setTextColor","signature":"setTextColor(s As String)"},{"name":"setTitle","signature":"setTitle(s As String)"},{"name":"setTitleBackgroundColor\t\t\t","signature":"setTitleBackgroundColor(s As String)\t\t\t"},{"name":"setTitleTextColor\t\t\t\t","signature":"setTitleTextColor(s As String)\t\t\t\t"},{"name":"getBackgroundColor","signature":"getBackgroundColor As String"},{"name":"getBorderColor","signature":"getBorderColor As String"},{"name":"getContentBackgroundColor","signature":"getContentBackgroundColor As String"},{"name":"getContentTextColor","signature":"getContentTextColor As String"},{"name":"getContentTextSize","signature":"getContentTextSize As String"},{"name":"getJoinItem","signature":"getJoinItem As Boolean"},{"name":"getOpenClose","signature":"getOpenClose As String"},{"name":"getContent","signature":"getContent As String"},{"name":"getRightIcon","signature":"getRightIcon As String"},{"name":"getRounded","signature":"getRounded As String"},{"name":"getShadow","signature":"getShadow As String"},{"name":"getTextColor","signature":"getTextColor As String"},{"name":"getTitle","signature":"getTitle As String"},{"name":"getTitleBackgroundColor","signature":"getTitleBackgroundColor As String"},{"name":"getTitleTextColor","signature":"getTitleTextColor As String"}]}