{"name":"SDUI5Diff","properties":[{"Key":"ParentID","DisplayName":"ParentID","FieldType":"String","DefaultValue":"","Description":"The ParentID of this component","List":""},{"Key":"DiffType","DisplayName":"Diff Type","FieldType":"String","DefaultValue":"image","Description":"Diff Type","List":"image|text"},{"Key":"Height","DisplayName":"Height","FieldType":"String","DefaultValue":"80","Description":"Height","List":""},{"Key":"Width","DisplayName":"Width","FieldType":"String","DefaultValue":"80","Description":"Width","List":""},{"Key":"Image1","DisplayName":"Image1","FieldType":"String","DefaultValue":"./assets/13.jpg","Description":"Image1","List":""},{"Key":"Image2","DisplayName":"Image2","FieldType":"String","DefaultValue":"./assets/13.jpg","Description":"Image2","List":""},{"Key":"Text1","DisplayName":"Text1","FieldType":"String","DefaultValue":"SITHASODAISY5","Description":"Text1","List":""},{"Key":"TextSize","DisplayName":"Text Size","FieldType":"String","DefaultValue":"9xl","Description":"Text Size","List":"2xl|3xl|4xl|5xl|6xl|7xl|8xl|9xl|base|lg|md|none|sm|xl|xs"},{"Key":"Text1TextColor","DisplayName":"Text1 Text Color","FieldType":"String","DefaultValue":"primary-content","Description":"Text1 Text Color","List":""},{"Key":"Text1BackgroundColor","DisplayName":"Text1 Background Color","FieldType":"String","DefaultValue":"primary","Description":"Text1 Background Color","List":""},{"Key":"Text2","DisplayName":"Text2","FieldType":"String","DefaultValue":"SITHASODAISY5","Description":"Text2","List":""},{"Key":"Text2TextColor","DisplayName":"Text2 Text Color","FieldType":"String","DefaultValue":"","Description":"Text2 Text Color","List":""},{"Key":"Text2BackgroundColor","DisplayName":"Text2 Background Color","FieldType":"String","DefaultValue":"base-200","Description":"Text2 Background Color","List":""},{"Key":"Rounded","DisplayName":"Rounded","FieldType":"String","DefaultValue":"none","Description":"Rounded","List":"0|2xl|3xl|full|lg|md|none|rounded|sm|xl"},{"Key":"RoundedBox","DisplayName":"Rounded Box","FieldType":"Boolean","DefaultValue":"False","Description":"Rounded Box","List":""},{"Key":"Shadow","DisplayName":"Shadow","FieldType":"String","DefaultValue":"none","Description":"Shadow","List":"2xl|inner|lg|md|none|shadow|sm|xl"},{"Key":"Visible","DisplayName":"Visible","FieldType":"Boolean","DefaultValue":"True","Description":"If visible.","List":""},{"Key":"Enabled","DisplayName":"Enabled","FieldType":"Boolean","DefaultValue":"True","Description":"If enabled.","List":""},{"Key":"PositionStyle","DisplayName":"Position Style","FieldType":"String","DefaultValue":"none","Description":"Position","List":"absolute|fixed|none|relative|static|sticky"},{"Key":"Position","DisplayName":"Position Locations","FieldType":"String","DefaultValue":"t=?; b=?; r=?; l=?","Description":"Position Locations","List":""},{"Key":"MarginAXYTBLR","DisplayName":"Margins","FieldType":"String","DefaultValue":"a=?; x=?; y=?; t=?; b=?; l=?; r=?","Description":"Margins A(all)-X(LR)-Y(TB)-T-B-L-R","List":""},{"Key":"PaddingAXYTBLR","DisplayName":"Paddings","FieldType":"String","DefaultValue":"a=?; x=?; y=?; t=?; b=?; l=?; r=?","Description":"Paddings A(all)-X(LR)-Y(TB)-T-B-L-R","List":""},{"Key":"RawClasses","DisplayName":"Classes (;)","FieldType":"String","DefaultValue":"","Description":"Classes added to the HTML tag.","List":""},{"Key":"RawStyles","DisplayName":"Styles (JSON)","FieldType":"String","DefaultValue":"","Description":"Styles added to the HTML tag. Must be a json String use = and ;","List":""},{"Key":"RawAttributes","DisplayName":"Attributes (JSON)","FieldType":"String","DefaultValue":"","Description":"Attributes added to the HTML tag. Must be a json String use = and ;","List":""}],"events":[],"methods":[{"name":"Class_Globals","signature":"Class_Globals"},{"name":"Initialize","signature":"Initialize (Callback As Object, Name As String, EventName As String)"},{"name":"getID","signature":"getID() As String"},{"name":"SetProperties","signature":"SetProperties(props As Map)"},{"name":"GetProperties","signature":"GetProperties As Map"},{"name":"AddComponent","signature":"AddComponent"},{"name":"Remove","signature":"Remove()"},{"name":"setParentID","signature":"setParentID(s As String)"},{"name":"getParentID","signature":"getParentID As String"},{"name":"getHere","signature":"getHere() As String"},{"name":"setVisible","signature":"setVisible(b As Boolean)"},{"name":"getVisible","signature":"getVisible As Boolean"},{"name":"setEnabled","signature":"setEnabled(b As Boolean)"},{"name":"getEnabled","signature":"getEnabled As Boolean"},{"name":"setPositionStyle","signature":"setPositionStyle(s As String)"},{"name":"getPositionStyle","signature":"getPositionStyle As String"},{"name":"setPosition","signature":"setPosition(s As String)"},{"name":"getPosition","signature":"getPosition As String"},{"name":"setAttributes","signature":"setAttributes(s As String)"},{"name":"setStyles","signature":"setStyles(s As String)"},{"name":"setClasses","signature":"setClasses(s As String)"},{"name":"setPaddingAXYTBLR","signature":"setPaddingAXYTBLR(s As String)"},{"name":"setMarginAXYTBLR","signature":"setMarginAXYTBLR(s As String)"},{"name":"getAttributes","signature":"getAttributes As String"},{"name":"getStyles","signature":"getStyles As String"},{"name":"getClasses","signature":"getClasses As String"},{"name":"getPaddingAXYTBLR","signature":"getPaddingAXYTBLR As String"},{"name":"getMarginAXYTBLR","signature":"getMarginAXYTBLR As String"},{"name":"DesignerCreateView","signature":"DesignerCreateView (Target As BANanoElement, Props As Map)"},{"name":"setDiffType","signature":"setDiffType(s As String)"},{"name":"setHeight\t\t\t\t","signature":"setHeight(s As String)\t\t\t\t"},{"name":"setWidth\t\t\t","signature":"setWidth(s As String)\t\t\t"},{"name":"setImage1","signature":"setImage1(s As String)"},{"name":"setImage2","signature":"setImage2(s As String)"},{"name":"setTextSize\t\t\t","signature":"setTextSize(s As String)\t\t\t"},{"name":"setText1","signature":"setText1(s As String)"},{"name":"setText1BackgroundColor\t\t\t","signature":"setText1BackgroundColor(s As String)\t\t\t"},{"name":"setText1TextColor\t\t\t","signature":"setText1TextColor(s As String)\t\t\t"},{"name":"setText2","signature":"setText2(s As String)"},{"name":"setText2BackgroundColor\t\t\t\t","signature":"setText2BackgroundColor(s As String)\t\t\t\t"},{"name":"setText2TextColor\t\t\t\t","signature":"setText2TextColor(s As String)\t\t\t\t"},{"name":"getDiffType","signature":"getDiffType As String"},{"name":"getHeight","signature":"getHeight As String"},{"name":"getImage1","signature":"getImage1 As String"},{"name":"getImage2","signature":"getImage2 As String"},{"name":"getTextSize","signature":"getTextSize As String"},{"name":"getText1","signature":"getText1 As String"},{"name":"getText1BackgroundColor","signature":"getText1BackgroundColor As String"},{"name":"getText1TextColor","signature":"getText1TextColor As String"},{"name":"getText2","signature":"getText2 As String"},{"name":"getText2BackgroundColor","signature":"getText2BackgroundColor As String"},{"name":"getText2TextColor","signature":"getText2TextColor As String"},{"name":"getWidth","signature":"getWidth As String"}]}