{"name":"SDUI5ListItem","properties":[{"Key":"ParentID","DisplayName":"ParentID","FieldType":"String","DefaultValue":"","Description":"The ParentID of this component","List":""},{"Key":"Text","DisplayName":"Text","FieldType":"String","DefaultValue":"Text","Description":"Text","List":""},{"Key":"BackgroundColor","DisplayName":"Background Color","FieldType":"String","DefaultValue":"","Description":"Background Color","List":""},{"Key":"CursorPointer","DisplayName":"Cursor Pointer","FieldType":"Boolean","DefaultValue":"True","Description":"Cursor Pointer","List":""},{"Key":"ListRow","DisplayName":"List Row","FieldType":"Boolean","DefaultValue":"True","Description":"List Row","List":""},{"Key":"Opacity","DisplayName":"Opacity","FieldType":"Int","DefaultValue":"100","MinRange":"0","MaxRange":"100","Description":"Opacity","List":""},{"Key":"TextColor","DisplayName":"Text Color","FieldType":"String","DefaultValue":"none","Description":"Text Color","List":"accent|error|info|neutral|none|primary|secondary|success|warning"},{"Key":"TextSize","DisplayName":"Text Size","FieldType":"String","DefaultValue":"none","Description":"Text Size","List":"lg|md|none|sm|xl|xs"},{"Key":"Tracking","DisplayName":"Tracking","FieldType":"String","DefaultValue":"none","Description":"Tracking","List":"none|normal|tight|tighter|wide|wider|widest"},{"Key":"Visible","DisplayName":"Visible","FieldType":"Boolean","DefaultValue":"True","Description":"If visible.","List":""},{"Key":"Enabled","DisplayName":"Enabled","FieldType":"Boolean","DefaultValue":"True","Description":"If enabled.","List":""},{"Key":"PositionStyle","DisplayName":"Position Style","FieldType":"String","DefaultValue":"none","Description":"Position","List":"absolute|fixed|none|relative|static|sticky"},{"Key":"Position","DisplayName":"Position Locations","FieldType":"String","DefaultValue":"t=?; b=?; r=?; l=?","Description":"Position Locations","List":""},{"Key":"MarginAXYTBLR","DisplayName":"Margins","FieldType":"String","DefaultValue":"a=?; x=?; y=?; t=?; b=?; l=?; r=?","Description":"Margins A(all)-X(LR)-Y(TB)-T-B-L-R","List":""},{"Key":"PaddingAXYTBLR","DisplayName":"Paddings","FieldType":"String","DefaultValue":"a=?; x=?; y=?; t=?; b=?; l=?; r=?","Description":"Paddings A(all)-X(LR)-Y(TB)-T-B-L-R","List":""},{"Key":"RawClasses","DisplayName":"Classes (;)","FieldType":"String","DefaultValue":"","Description":"Classes added to the HTML tag.","List":""},{"Key":"RawStyles","DisplayName":"Styles (JSON)","FieldType":"String","DefaultValue":"","Description":"Styles added to the HTML tag. Must be a json String use = and ;","List":""},{"Key":"RawAttributes","DisplayName":"Attributes (JSON)","FieldType":"String","DefaultValue":"","Description":"Attributes added to the HTML tag. Must be a json String use = and ;","List":""}],"events":[],"methods":[{"name":"Class_Globals","signature":"Class_Globals"},{"name":"Initialize","signature":"Initialize (Callback As Object, Name As String, EventName As String)"},{"name":"OnEvent","signature":"OnEvent(event As String, MethodName As String)"},{"name":"getID","signature":"getID() As String"},{"name":"SetProperties","signature":"SetProperties(props As Map)"},{"name":"GetProperties","signature":"GetProperties As Map"},{"name":"AddComponent","signature":"AddComponent"},{"name":"Remove","signature":"Remove()"},{"name":"setParentID","signature":"setParentID(s As String)"},{"name":"getParentID","signature":"getParentID As String"},{"name":"getHere","signature":"getHere() As String"},{"name":"setVisible","signature":"setVisible(b As Boolean)"},{"name":"getVisible","signature":"getVisible As Boolean"},{"name":"setEnabled","signature":"setEnabled(b As Boolean)"},{"name":"getEnabled","signature":"getEnabled As Boolean"},{"name":"setPositionStyle","signature":"setPositionStyle(s As String)"},{"name":"getPositionStyle","signature":"getPositionStyle As String"},{"name":"setPosition","signature":"setPosition(s As String)"},{"name":"getPosition","signature":"getPosition As String"},{"name":"setAttributes","signature":"setAttributes(s As String)"},{"name":"setStyles","signature":"setStyles(s As String)"},{"name":"setClasses","signature":"setClasses(s As String)"},{"name":"setPaddingAXYTBLR","signature":"setPaddingAXYTBLR(s As String)"},{"name":"setMarginAXYTBLR","signature":"setMarginAXYTBLR(s As String)"},{"name":"getAttributes","signature":"getAttributes As String"},{"name":"getStyles","signature":"getStyles As String"},{"name":"getClasses","signature":"getClasses As String"},{"name":"getPaddingAXYTBLR","signature":"getPaddingAXYTBLR As String"},{"name":"getMarginAXYTBLR","signature":"getMarginAXYTBLR As String"},{"name":"setText","signature":"setText(s As String)"},{"name":"getText","signature":"getText As String"},{"name":"DesignerCreateView","signature":"DesignerCreateView (Target As BANanoElement, Props As Map)"},{"name":"setBackgroundColor","signature":"setBackgroundColor(s As String)"},{"name":"setCursorPointer","signature":"setCursorPointer(b As Boolean)"},{"name":"setListRow","signature":"setListRow(b As Boolean)"},{"name":"setOpacity","signature":"setOpacity(i As Int)"},{"name":"setTextColor","signature":"setTextColor(s As String)"},{"name":"setTextSize","signature":"setTextSize(s As String)"},{"name":"setTracking","signature":"setTracking(s As String)"},{"name":"getBackgroundColor","signature":"getBackgroundColor As String"},{"name":"getCursorPointer","signature":"getCursorPointer As Boolean"},{"name":"getListRow","signature":"getListRow As Boolean"},{"name":"getOpacity","signature":"getOpacity As Int"},{"name":"getTextColor","signature":"getTextColor As String"},{"name":"getTextSize","signature":"getTextSize As String"},{"name":"getTracking","signature":"getTracking As String"}]}