{"name":"SDUI5SpeedDial","properties":[{"Key":"ParentID","DisplayName":"ParentID","FieldType":"String","DefaultValue":"","Description":"The ParentID of this component","List":""},{"Key":"TypeOf","DisplayName":"Type Of","FieldType":"String","DefaultValue":"icon","Description":"Type Of","List":"icon|text"},{"Key":"MainButtonType","DisplayName":"Main Button Type","FieldType":"String","DefaultValue":"none","Description":"Main Button Type","List":"none|close|main"},{"Key":"Color","DisplayName":"Color","FieldType":"String","DefaultValue":"","Description":"Color","List":""},{"Key":"TextColor","DisplayName":"Text Color","FieldType":"String","DefaultValue":"#ffffff","Description":"Text Color","List":""},{"Key":"Size","DisplayName":"Size","FieldType":"String","DefaultValue":"lg","Description":"Size","List":"lg|md|none|sm|xl|xs"},{"Key":"Flower","DisplayName":"Flower","FieldType":"Boolean","DefaultValue":"False","Description":"Flower","List":""},{"Key":"Icon","DisplayName":"Icon","FieldType":"String","DefaultValue":"./assets/plus-solid.svg","Description":"Icon","List":""},{"Key":"IconSize","DisplayName":"Icon Size","FieldType":"String","DefaultValue":"60%","Description":"Icon Size","List":""},{"Key":"Text","DisplayName":"Text","FieldType":"String","DefaultValue":"","Description":"Text","List":""},{"Key":"MainButtonIcon","DisplayName":"Main Button Icon","FieldType":"String","DefaultValue":"","Description":"Main Button Icon","List":""},{"Key":"MainButtonColor","DisplayName":"Main Button Color","FieldType":"String","DefaultValue":"","Description":"Main Button Color","List":""},{"Key":"MainButtonText","DisplayName":"Main Button Text","FieldType":"String","DefaultValue":"","Description":"Main Button Text","List":""},{"Key":"MainButtonTextColor","DisplayName":"Main Button Text Color","FieldType":"String","DefaultValue":"#ffffff","Description":"Main Button Text Color","List":""},{"Key":"ChildSize","DisplayName":"Child Size","FieldType":"String","DefaultValue":"md","Description":"Child Size","List":"lg|md|none|sm|xl|xs"},{"Key":"RawChildKeys","DisplayName":"Child Keys","FieldType":"String","DefaultValue":"","Description":"Raw Child Keys","List":""},{"Key":"RawChildColors","DisplayName":"Child Colors","FieldType":"String","DefaultValue":"","Description":"Raw Child Colors","List":""},{"Key":"RawChildIcons","DisplayName":"Child Icons","FieldType":"String","DefaultValue":"","Description":"Raw Child Icons","List":""},{"Key":"RawChildText","DisplayName":"Child Texts","FieldType":"String","DefaultValue":"","Description":"Raw Child Text","List":""},{"Key":"RawChildTextColor","DisplayName":"Child Text Colors","FieldType":"String","DefaultValue":"","Description":"Raw Child Text Color","List":""},{"Key":"CenterChildren","DisplayName":"Center Children","FieldType":"Boolean","DefaultValue":"False","Description":"Center Children (Small Children)","List":""},{"Key":"Visible","DisplayName":"Visible","FieldType":"Boolean","DefaultValue":"True","Description":"If visible.","List":""},{"Key":"Enabled","DisplayName":"Enabled","FieldType":"Boolean","DefaultValue":"True","Description":"If enabled.","List":""},{"Key":"PositionStyle","DisplayName":"Position Style","FieldType":"String","DefaultValue":"none","Description":"Position","List":"absolute|fixed|none|relative|static|sticky"},{"Key":"Position","DisplayName":"Position Locations","FieldType":"String","DefaultValue":"t=?; b=?; r=?; l=?","Description":"Position Locations","List":""},{"Key":"MarginAXYTBLR","DisplayName":"Margins","FieldType":"String","DefaultValue":"a=?; x=?; y=?; t=?; b=?; l=?; r=?","Description":"Margins A(all)-X(LR)-Y(TB)-T-B-L-R","List":""},{"Key":"PaddingAXYTBLR","DisplayName":"Paddings","FieldType":"String","DefaultValue":"a=?; x=?; y=?; t=?; b=?; l=?; r=?","Description":"Paddings A(all)-X(LR)-Y(TB)-T-B-L-R","List":""},{"Key":"RawClasses","DisplayName":"Classes (;)","FieldType":"String","DefaultValue":"","Description":"Classes added to the HTML tag.","List":""},{"Key":"RawStyles","DisplayName":"Styles (JSON)","FieldType":"String","DefaultValue":"","Description":"Styles added to the HTML tag. Must be a json String use = and ;","List":""},{"Key":"RawAttributes","DisplayName":"Attributes (JSON)","FieldType":"String","DefaultValue":"","Description":"Attributes added to the HTML tag. Must be a json String use = and ;","List":""}],"events":[],"methods":[{"name":"Class_Globals","signature":"Class_Globals"},{"name":"Initialize","signature":"Initialize (Callback As Object, Name As String, EventName As String)"},{"name":"getID","signature":"getID() As String"},{"name":"SetProperties","signature":"SetProperties(props As Map)"},{"name":"GetProperties","signature":"GetProperties As Map"},{"name":"AddComponent","signature":"AddComponent"},{"name":"Remove","signature":"Remove()"},{"name":"setParentID","signature":"setParentID(s As String)"},{"name":"getParentID","signature":"getParentID As String"},{"name":"getHere","signature":"getHere() As String"},{"name":"setVisible","signature":"setVisible(b As Boolean)"},{"name":"getVisible","signature":"getVisible As Boolean"},{"name":"setEnabled","signature":"setEnabled(b As Boolean)"},{"name":"getEnabled","signature":"getEnabled As Boolean"},{"name":"OnEvent","signature":"OnEvent(event As String, methodName As String)"},{"name":"setPositionStyle","signature":"setPositionStyle(s As String)"},{"name":"getPositionStyle","signature":"getPositionStyle As String"},{"name":"setPosition","signature":"setPosition(s As String)"},{"name":"getPosition","signature":"getPosition As String"},{"name":"setAttributes","signature":"setAttributes(s As String)"},{"name":"setStyles","signature":"setStyles(s As String)"},{"name":"setClasses","signature":"setClasses(s As String)"},{"name":"setPaddingAXYTBLR","signature":"setPaddingAXYTBLR(s As String)"},{"name":"setMarginAXYTBLR","signature":"setMarginAXYTBLR(s As String)"},{"name":"getAttributes","signature":"getAttributes As String"},{"name":"getStyles","signature":"getStyles As String"},{"name":"getClasses","signature":"getClasses As String"},{"name":"getPaddingAXYTBLR","signature":"getPaddingAXYTBLR As String"},{"name":"getMarginAXYTBLR","signature":"getMarginAXYTBLR As String"},{"name":"DesignerCreateView","signature":"DesignerCreateView (Target As BANanoElement, Props As Map)"},{"name":"setCenterChildren","signature":"setCenterChildren(b As Boolean)   \t\t\t\t"},{"name":"getCenterChildren","signature":"getCenterChildren As Boolean"},{"name":"setMainButtonType\t\t\t\t\t","signature":"setMainButtonType(s As String)\t\t\t\t\t"},{"name":"getMainButtonType","signature":"getMainButtonType As String"},{"name":"setText\t\t\t","signature":"setText(s As String)\t\t\t"},{"name":"setColor\t\t\t\t\t\t\t","signature":"setColor(s As String)\t\t\t\t\t\t\t"},{"name":"setSize\t\t\t\t\t","signature":"setSize(s As String)\t\t\t\t\t"},{"name":"setTextColor\t\t\t\t\t","signature":"setTextColor(s As String)\t\t\t\t\t"},{"name":"getText","signature":"getText As String"},{"name":"setChildSize","signature":"setChildSize(s As String)"},{"name":"setFlower","signature":"setFlower(b As Boolean)"},{"name":"setIcon\t\t\t","signature":"setIcon(s As String)\t\t\t"},{"name":"setIconSize\t\t\t\t","signature":"setIconSize(s As String)\t\t\t\t"},{"name":"setMainButtonColor\t\t\t\t","signature":"setMainButtonColor(s As String)\t\t\t\t"},{"name":"setMainButtonIcon\t\t\t\t\t\t\t","signature":"setMainButtonIcon(s As String)\t\t\t\t\t\t\t"},{"name":"setMainButtonText\t\t\t\t","signature":"setMainButtonText(s As String)\t\t\t\t"},{"name":"setMainButtonTextColor\t\t\t","signature":"setMainButtonTextColor(s As String)\t\t\t"},{"name":"setChildColors\t\t\t","signature":"setChildColors(s As String)\t\t\t"},{"name":"setChildIcons\t\t\t\t","signature":"setChildIcons(s As String)\t\t\t\t"},{"name":"setChildKeys\t\t\t\t","signature":"setChildKeys(s As String)\t\t\t\t"},{"name":"setChildText\t\t\t","signature":"setChildText(s As String)\t\t\t"},{"name":"setChildTextColor\t\t\t","signature":"setChildTextColor(s As String)\t\t\t"},{"name":"setTypeOf","signature":"setTypeOf(s As String)"},{"name":"getChildSize","signature":"getChildSize As String"},{"name":"getColor","signature":"getColor As String"},{"name":"getFlower","signature":"getFlower As Boolean"},{"name":"getIcon","signature":"getIcon As String"},{"name":"getIconSize","signature":"getIconSize As String"},{"name":"getMainButtonColor","signature":"getMainButtonColor As String"},{"name":"getMainButtonIcon","signature":"getMainButtonIcon As String"},{"name":"getMainButtonText","signature":"getMainButtonText As String"},{"name":"getMainButtonTextColor","signature":"getMainButtonTextColor As String"},{"name":"getChildColors","signature":"getChildColors As String"},{"name":"getChildIcons","signature":"getChildIcons As String"},{"name":"getChildKeys","signature":"getChildKeys As String"},{"name":"getChildText","signature":"getChildText As String"},{"name":"getChildTextColor","signature":"getChildTextColor As String"},{"name":"getSize","signature":"getSize As String"},{"name":"getTextColor","signature":"getTextColor As String"},{"name":"getTypeOf","signature":"getTypeOf As String"}]}