{"name":"SDUI5VideoPlayer","properties":[{"Key":"ParentID","DisplayName":"ParentID","FieldType":"String","DefaultValue":"","Description":"The ParentID of this component","List":""},{"Key":"TypeOf","DisplayName":"Type Of","FieldType":"String","DefaultValue":"video","Description":"Type Of","List":"audio|video"},{"Key":"Provider","DisplayName":"Provider","FieldType":"String","DefaultValue":"youtube","Description":"Provider","List":"vimeo|youtube|none"},{"Key":"Embed","DisplayName":"Embed","FieldType":"Boolean","DefaultValue":"False","Description":"Embed","List":""},{"Key":"EmbedId","DisplayName":"Embed Id","FieldType":"String","DefaultValue":"","Description":"Embed Id","List":""},{"Key":"Mp4Url","DisplayName":"Mp4 Url","FieldType":"String","DefaultValue":"","Description":"Mp4 Url","List":""},{"Key":"Mp3Url","DisplayName":"Mp3 Url","FieldType":"String","DefaultValue":"","Description":"Mp3 Url","List":""},{"Key":"Poster","DisplayName":"Poster","FieldType":"String","DefaultValue":"","Description":"Poster","List":""},{"Key":"Title","DisplayName":"Title","FieldType":"String","DefaultValue":"","Description":"Title","List":""},{"Key":"Width","DisplayName":"Width","FieldType":"String","DefaultValue":"500px","Description":"Width","List":""},{"Key":"Height","DisplayName":"Height","FieldType":"String","DefaultValue":"500px","Description":"Height","List":""},{"Key":"Autoplay","DisplayName":"Autoplay","FieldType":"Boolean","DefaultValue":"False","Description":"Autoplay","List":""},{"Key":"Controls","DisplayName":"Controls","FieldType":"Boolean","DefaultValue":"True","Description":"Controls","List":""},{"Key":"Crossorigin","DisplayName":"Crossorigin","FieldType":"Boolean","DefaultValue":"True","Description":"Crossorigin","List":""},{"Key":"IconUrl","DisplayName":"Icon Url","FieldType":"String","DefaultValue":"./assets/plyr.svg","Description":"Icon Url","List":""},{"Key":"Playsinline","DisplayName":"Playsinline","FieldType":"Boolean","DefaultValue":"True","Description":"Playsinline","List":""},{"Key":"Captions","DisplayName":"Captions","FieldType":"Boolean","DefaultValue":"True","Description":"Captions","List":""},{"Key":"Keyboard","DisplayName":"Keyboard","FieldType":"Boolean","DefaultValue":"True","Description":"Keyboard","List":""},{"Key":"Tooltips","DisplayName":"Tooltips","FieldType":"Boolean","DefaultValue":"True","Description":"Tooltips","List":""},{"Key":"Rounded","DisplayName":"Rounded","FieldType":"String","DefaultValue":"none","Description":"Rounded","List":"none|rounded|2xl|3xl|full|lg|md|sm|xl|0"},{"Key":"RoundedBox","DisplayName":"Rounded Box","FieldType":"Boolean","DefaultValue":"False","Description":"Rounded Box","List":""},{"Key":"Shadow","DisplayName":"Shadow","FieldType":"String","DefaultValue":"none","Description":"Shadow","List":"2xl|inner|lg|md|none|shadow|sm|xl"},{"Key":"Visible","DisplayName":"Visible","FieldType":"Boolean","DefaultValue":"True","Description":"If visible.","List":""},{"Key":"Enabled","DisplayName":"Enabled","FieldType":"Boolean","DefaultValue":"True","Description":"If enabled.","List":""},{"Key":"PositionStyle","DisplayName":"Position Style","FieldType":"String","DefaultValue":"none","Description":"Position","List":"absolute|fixed|none|relative|static|sticky"},{"Key":"Position","DisplayName":"Position Locations","FieldType":"String","DefaultValue":"t=?; b=?; r=?; l=?","Description":"Position Locations","List":""},{"Key":"MarginAXYTBLR","DisplayName":"Margins","FieldType":"String","DefaultValue":"a=?; x=?; y=?; t=?; b=?; l=?; r=?","Description":"Margins A(all)-X(LR)-Y(TB)-T-B-L-R","List":""},{"Key":"PaddingAXYTBLR","DisplayName":"Paddings","FieldType":"String","DefaultValue":"a=?; x=?; y=?; t=?; b=?; l=?; r=?","Description":"Paddings A(all)-X(LR)-Y(TB)-T-B-L-R","List":""},{"Key":"RawClasses","DisplayName":"Classes (;)","FieldType":"String","DefaultValue":"","Description":"Classes added to the HTML tag.","List":""},{"Key":"RawStyles","DisplayName":"Styles (JSON)","FieldType":"String","DefaultValue":"","Description":"Styles added to the HTML tag. Must be a json String use = and ;","List":""},{"Key":"RawAttributes","DisplayName":"Attributes (JSON)","FieldType":"String","DefaultValue":"","Description":"Attributes added to the HTML tag. Must be a json String use = and ;","List":""}],"events":[],"methods":[{"name":"Class_Globals","signature":"Class_Globals"},{"name":"Initialize","signature":"Initialize (Callback As Object, Name As String, EventName As String)"},{"name":"getID","signature":"getID() As String"},{"name":"SetProperties","signature":"SetProperties(props As Map)"},{"name":"GetProperties","signature":"GetProperties As Map"},{"name":"AddComponent","signature":"AddComponent"},{"name":"Remove","signature":"Remove()"},{"name":"setParentID","signature":"setParentID(s As String)"},{"name":"getParentID","signature":"getParentID As String"},{"name":"getHere","signature":"getHere() As String"},{"name":"setVisible","signature":"setVisible(b As Boolean)"},{"name":"getVisible","signature":"getVisible As Boolean"},{"name":"setEnabled","signature":"setEnabled(b As Boolean)"},{"name":"getEnabled","signature":"getEnabled As Boolean"},{"name":"OnEvent","signature":"OnEvent(event As String, methodName As String)"},{"name":"setPositionStyle","signature":"setPositionStyle(s As String)"},{"name":"getPositionStyle","signature":"getPositionStyle As String"},{"name":"setPosition","signature":"setPosition(s As String)"},{"name":"getPosition","signature":"getPosition As String"},{"name":"setAttributes","signature":"setAttributes(s As String)"},{"name":"setStyles","signature":"setStyles(s As String)"},{"name":"setClasses","signature":"setClasses(s As String)"},{"name":"setPaddingAXYTBLR","signature":"setPaddingAXYTBLR(s As String)"},{"name":"setMarginAXYTBLR","signature":"setMarginAXYTBLR(s As String)"},{"name":"getAttributes","signature":"getAttributes As String"},{"name":"getStyles","signature":"getStyles As String"},{"name":"getClasses","signature":"getClasses As String"},{"name":"getPaddingAXYTBLR","signature":"getPaddingAXYTBLR As String"},{"name":"getMarginAXYTBLR","signature":"getMarginAXYTBLR As String"},{"name":"DesignerCreateView","signature":"DesignerCreateView (Target As BANanoElement, Props As Map)"},{"name":"setMp3Url\t\t\t\t","signature":"setMp3Url(s As String)\t\t\t\t"},{"name":"setTypeOf\t\t\t\t","signature":"setTypeOf(s As String)\t\t\t\t"},{"name":"getMp3Url","signature":"getMp3Url As String"},{"name":"getTypeOf","signature":"getTypeOf As String"},{"name":"setCaptions","signature":"setCaptions(b As Boolean)"},{"name":"setKeyboard","signature":"setKeyboard(b As Boolean)"},{"name":"setRounded","signature":"setRounded(s As String)"},{"name":"setTooltips","signature":"setTooltips(b As Boolean)"},{"name":"getCaptions","signature":"getCaptions As Boolean"},{"name":"getKeyboard","signature":"getKeyboard As Boolean"},{"name":"getRounded","signature":"getRounded As String"},{"name":"getTooltips","signature":"getTooltips As Boolean"},{"name":"setEmbed","signature":"setEmbed(b As Boolean)"},{"name":"getEmbed","signature":"getEmbed As Boolean"},{"name":"setMp4Url\t\t\t\t","signature":"setMp4Url(s As String)\t\t\t\t"},{"name":"getMp4Url","signature":"getMp4Url As String"},{"name":"Refresh","signature":"Refresh"},{"name":"setAutoplay","signature":"setAutoplay(b As Boolean)"},{"name":"setControls\t\t\t\t","signature":"setControls(b As Boolean)\t\t\t\t"},{"name":"setCrossOrigin\t\t\t\t","signature":"setCrossOrigin(b As Boolean)\t\t\t\t"},{"name":"setEmbedId","signature":"setEmbedId(s As String)"},{"name":"setHeight","signature":"setHeight(s As String)"},{"name":"setIconUrl","signature":"setIconUrl(s As String)"},{"name":"setPlaysInline\t\t\t","signature":"setPlaysInline(b As Boolean)\t\t\t"},{"name":"setPoster\t\t\t\t\t\t","signature":"setPoster(s As String)\t\t\t\t\t\t"},{"name":"setProvider","signature":"setProvider(s As String)"},{"name":"setRoundedBox","signature":"setRoundedBox(b As Boolean)"},{"name":"setShadow","signature":"setShadow(s As String)"},{"name":"setTitle","signature":"setTitle(s As String)"},{"name":"setWidth","signature":"setWidth(s As String)"},{"name":"getAutoplay","signature":"getAutoplay As Boolean"},{"name":"getControls","signature":"getControls As Boolean"},{"name":"getCrossorigin","signature":"getCrossorigin As Boolean"},{"name":"getEmbedId","signature":"getEmbedId As String"},{"name":"getHeight","signature":"getHeight As String"},{"name":"getIconUrl","signature":"getIconUrl As String"},{"name":"getPlaysinline","signature":"getPlaysinline As Boolean"},{"name":"getPoster","signature":"getPoster As String"},{"name":"getProvider","signature":"getProvider As String"},{"name":"getRoundedBox","signature":"getRoundedBox As Boolean"},{"name":"getShadow","signature":"getShadow As String"},{"name":"getTitle","signature":"getTitle As String"},{"name":"getWidth","signature":"getWidth As String"}]}