{"name":"SDUI5TextBox","properties":[{"Key":"ParentID","DisplayName":"ParentID","FieldType":"String","DefaultValue":"","Description":"The ParentID of this component","List":""},{"Key":"InputType","DisplayName":"Input Type","FieldType":"String","DefaultValue":"normal","Description":"Input Type","List":"normal|legend|buttons|label-input|buttons-floating|searchbox|hidden"},{"Key":"TypeOf","DisplayName":"Type","FieldType":"String","DefaultValue":"text","Description":"Type Of","List":"dialer|date-picker|date-time-picker|time-picker|email|number|password|search|tel|text|time|url|color-wheel"},{"Key":"Label","DisplayName":"Label","FieldType":"String","DefaultValue":"","Description":"Label","List":""},{"Key":"LegendColor","DisplayName":"Label Color","FieldType":"String","DefaultValue":"","Description":"Label Color","List":""},{"Key":"Placeholder","DisplayName":"Placeholder","FieldType":"String","DefaultValue":"","Description":"Placeholder","List":""},{"Key":"Value","DisplayName":"Value","FieldType":"String","DefaultValue":"","Description":"Value","List":""},{"Key":"Color","DisplayName":"Color","FieldType":"String","DefaultValue":"none","Description":"Color","List":"accent|error|info|neutral|none|primary|secondary|success|warning"},{"Key":"Size","DisplayName":"Size","FieldType":"String","DefaultValue":"md","Description":"Size","List":"lg|md|none|sm|xl|xs"},{"Key":"Width","DisplayName":"Width","FieldType":"String","DefaultValue":"full","Description":"Width","List":""},{"Key":"ShowEyes","DisplayName":"Show Eyes","FieldType":"Boolean","DefaultValue":"False","Description":"Show Eyes","List":""},{"Key":"Ghost","DisplayName":"Ghost","FieldType":"Boolean","DefaultValue":"False","Description":"Ghost","List":""},{"Key":"Grow","DisplayName":"Grow","FieldType":"Boolean","DefaultValue":"False","Description":"Grow","List":""},{"Key":"NoFocusBorder","DisplayName":"No Focus Border","FieldType":"Boolean","DefaultValue":"False","Description":"No Focus Border","List":""},{"Key":"Hint","DisplayName":"Hint","FieldType":"String","DefaultValue":"","Description":"Hint","List":""},{"Key":"MinLength","DisplayName":"Min Length","FieldType":"String","DefaultValue":"","Description":"Min Length","List":""},{"Key":"MaxLength","DisplayName":"Max Length","FieldType":"String","DefaultValue":"","Description":"Max Length","List":""},{"Key":"MinValue","DisplayName":"Min Value","FieldType":"String","DefaultValue":"","Description":"Min Value","List":""},{"Key":"StepValue","DisplayName":"Step Value","FieldType":"String","DefaultValue":"","Description":"Step Value","List":""},{"Key":"MaxValue","DisplayName":"Max Value","FieldType":"String","DefaultValue":"","Description":"Max Value","List":""},{"Key":"Pattern","DisplayName":"Pattern","FieldType":"String","DefaultValue":"","Description":"Pattern","List":""},{"Key":"Required","DisplayName":"Required","FieldType":"Boolean","DefaultValue":"False","Description":"Required","List":""},{"Key":"ReadOnly","DisplayName":"Read Only","FieldType":"Boolean","DefaultValue":"False","Description":"Read Only","List":""},{"Key":"DPMode","DisplayName":"DP Mode","FieldType":"String","DefaultValue":"single","Description":"Date Picker Mode","List":"multiple|range|single|time"},{"Key":"DPDateFormat","DisplayName":"DP Date Format","FieldType":"String","DefaultValue":"Y-m-d","Description":"Date Picker Date Format","List":""},{"Key":"DPAltFormat","DisplayName":"DP Alt Format","FieldType":"String","DefaultValue":"D","d M Y":"d M Y","Description":"Date Picker Alt Format","List":""},{"Key":"DPAllowInput","DisplayName":"DP Allow Input","FieldType":"Boolean","DefaultValue":"False","Description":"Date Picker Allow Input","List":""},{"Key":"DPAltInput","DisplayName":"DP Alt Input","FieldType":"Boolean","DefaultValue":"True","Description":"Date Picker Alt Input","List":""},{"Key":"DPAltInputClass","DisplayName":"DP Alt Input Class","FieldType":"String","DefaultValue":"","Description":"Date Picker Alt Input Class","List":""},{"Key":"DPCloseOnSelect","DisplayName":"DP Close On Select","FieldType":"Boolean","DefaultValue":"False","Description":"DP Close On Select","List":""},{"Key":"DPConjunction","DisplayName":"DP Conjunction","FieldType":"String","DefaultValue":"","Description":"Date Picker Conjunction","List":""},{"Key":"DPShowMonths","DisplayName":"DP Show Months","FieldType":"Int","DefaultValue":"1","Description":"Date Picker Show Months","List":""},{"Key":"DPTwentyFour","DisplayName":"DP Twenty Four","FieldType":"Boolean","DefaultValue":"True","Description":"Date Picker Twenty Four","List":""},{"Key":"DPLocale","DisplayName":"DP Locale","FieldType":"String","DefaultValue":"en","Description":"Date Picker Locale","List":""},{"Key":"DPPosition","DisplayName":"DP Position","FieldType":"String","DefaultValue":"auto","Description":"Date Picker Position","List":"auto|above|below|auto left|auto center|auto right|above left|above center|above right|below left|below center|below right"},{"Key":"HandleDiameter","DisplayName":"Handle Diameter","FieldType":"Int","DefaultValue":"16","Description":"Handle Diameter","List":""},{"Key":"WheelDiameter","DisplayName":"Wheel Diameter","FieldType":"Int","DefaultValue":"200","Description":"Wheel Diameter","List":""},{"Key":"WheelThickness","DisplayName":"Wheel Thickness","FieldType":"Int","DefaultValue":"20","Description":"Wheel Thickness","List":""},{"Key":"WheelPlacement","DisplayName":"Wheel Placement","FieldType":"String","DefaultValue":"top-end","Description":"Placement","List":"bottom|bottom-center|bottom-end|center|end|left|left-center|left-end|right|right-center|right-end|start|top|top-center|top-end"},{"Key":"ToggleColorPicker","DisplayName":"Toggle Color Picker","FieldType":"Boolean","DefaultValue":"False","Description":"Toggle Color Picker","List":""},{"Key":"Validator","DisplayName":"Validator","FieldType":"Boolean","DefaultValue":"False","Description":"Validator","List":""},{"Key":"ValidatorHint","DisplayName":"Validator Hint","FieldType":"String","DefaultValue":"","Description":"Validator Hint","List":""},{"Key":"PrependColor","DisplayName":"Prepend Color","FieldType":"String","DefaultValue":"none","Description":"Prepend Color","List":""},{"Key":"PrependImage","DisplayName":"Prepend Image","FieldType":"String","DefaultValue":"","Description":"Prepend Image","List":""},{"Key":"PrependIcon","DisplayName":"Prepend Icon","FieldType":"String","DefaultValue":"","Description":"Prepend Icon","List":""},{"Key":"PrependIconColor","DisplayName":"Prepend Icon Color","FieldType":"String","DefaultValue":"none","Description":"Prepend Icon Color","List":""},{"Key":"PrependVisible","DisplayName":"Prepend Visible","FieldType":"Boolean","DefaultValue":"False","Description":"Prepend Visible","List":""},{"Key":"AppendColor","DisplayName":"Append Color","FieldType":"String","DefaultValue":"none","Description":"Append Color","List":""},{"Key":"AppendImage","DisplayName":"Append Image","FieldType":"String","DefaultValue":"","Description":"Append Image","List":""},{"Key":"AppendIcon","DisplayName":"Append Icon","FieldType":"String","DefaultValue":"","Description":"Append Icon","List":""},{"Key":"AppendIconColor","DisplayName":"Append Icon Color","FieldType":"String","DefaultValue":"none","Description":"Append Icon Color","List":""},{"Key":"AppendVisible","DisplayName":"Append Visible","FieldType":"Boolean","DefaultValue":"False","Description":"Append Visible","List":""},{"Key":"BackgroundColor","DisplayName":"Background Color","FieldType":"String","DefaultValue":"base-200","Description":"Background Color","List":""},{"Key":"Border","DisplayName":"Border","FieldType":"Boolean","DefaultValue":"True","Description":"Border","List":""},{"Key":"BorderColor","DisplayName":"Border Color","FieldType":"String","DefaultValue":"base-300","Description":"Border Color","List":""},{"Key":"RoundedBox","DisplayName":"Rounded Box","FieldType":"Boolean","DefaultValue":"False","Description":"Rounded Box","List":""},{"Key":"Shadow","DisplayName":"Shadow","FieldType":"String","DefaultValue":"none","Description":"Shadow","List":"2xl|inner|lg|md|none|shadow|sm|xl"},{"Key":"Visible","DisplayName":"Visible","FieldType":"Boolean","DefaultValue":"True","Description":"If visible.","List":""},{"Key":"Enabled","DisplayName":"Enabled","FieldType":"Boolean","DefaultValue":"True","Description":"If enabled.","List":""},{"Key":"PositionStyle","DisplayName":"Position Style","FieldType":"String","DefaultValue":"none","Description":"Position","List":"absolute|fixed|none|relative|static|sticky"},{"Key":"Position","DisplayName":"Position Locations","FieldType":"String","DefaultValue":"t=?; b=?; r=?; l=?","Description":"Position Locations","List":""},{"Key":"MarginAXYTBLR","DisplayName":"Margins","FieldType":"String","DefaultValue":"a=?; x=?; y=?; t=?; b=?; l=?; r=?","Description":"Margins A(all)-X(LR)-Y(TB)-T-B-L-R","List":""},{"Key":"PaddingAXYTBLR","DisplayName":"Paddings","FieldType":"String","DefaultValue":"a=?; x=?; y=?; t=?; b=?; l=?; r=?","Description":"Paddings A(all)-X(LR)-Y(TB)-T-B-L-R","List":""},{"Key":"RawClasses","DisplayName":"Classes (;)","FieldType":"String","DefaultValue":"","Description":"Classes added to the HTML tag.","List":""},{"Key":"RawStyles","DisplayName":"Styles (JSON)","FieldType":"String","DefaultValue":"","Description":"Styles added to the HTML tag. Must be a json String use = and ;","List":""},{"Key":"RawAttributes","DisplayName":"Attributes (JSON)","FieldType":"String","DefaultValue":"","Description":"Attributes added to the HTML tag. Must be a json String use = and ;","List":""}],"events":[{"name":"Append (e As BANanoEvent)"},{"name":"Prepend (e As BANanoEvent)"},{"name":"Change (Value As String)"},{"name":"Input (Value As String)"},{"name":"SearchClear (e As BANanoEvent)"},{"name":"SearchClick (Value As String)"},{"name":"SearchKeyUp (Value As String)"}],"methods":[{"name":"Class_Globals","signature":"Class_Globals"},{"name":"Initialize","signature":"Initialize (Callback As Object, Name As String, EventName As String)"},{"name":"getID","signature":"getID() As String"},{"name":"setLegendColor\t\t\t","signature":"setLegendColor(s As String)\t\t\t"},{"name":"getLegendColor","signature":"getLegendColor As String"},{"name":"SetProperties","signature":"SetProperties(props As Map)"},{"name":"GetProperties","signature":"GetProperties As Map"},{"name":"AddComponent","signature":"AddComponent"},{"name":"Remove","signature":"Remove()"},{"name":"setParentID","signature":"setParentID(s As String)"},{"name":"getParentID","signature":"getParentID As String"},{"name":"getHere","signature":"getHere() As String"},{"name":"setPositionStyle","signature":"setPositionStyle(s As String)"},{"name":"getPositionStyle","signature":"getPositionStyle As String"},{"name":"setPosition","signature":"setPosition(s As String)"},{"name":"getPosition","signature":"getPosition As String"},{"name":"setAttributes","signature":"setAttributes(s As String)"},{"name":"setStyles","signature":"setStyles(s As String)"},{"name":"setClasses","signature":"setClasses(s As String)"},{"name":"setPaddingAXYTBLR","signature":"setPaddingAXYTBLR(s As String)"},{"name":"setMarginAXYTBLR","signature":"setMarginAXYTBLR(s As String)"},{"name":"getAttributes","signature":"getAttributes As String"},{"name":"getStyles","signature":"getStyles As String"},{"name":"getClasses","signature":"getClasses As String"},{"name":"getPaddingAXYTBLR","signature":"getPaddingAXYTBLR As String"},{"name":"getMarginAXYTBLR","signature":"getMarginAXYTBLR As String"},{"name":"DesignerCreateView","signature":"DesignerCreateView (Target As BANanoElement, Props As Map)"},{"name":"setNoFocusBorder\t\t","signature":"setNoFocusBorder(b As Boolean)\t\t"},{"name":"getNoFocusBorder","signature":"getNoFocusBorder As Boolean"},{"name":"setToggleColorPicker","signature":"setToggleColorPicker(b As Boolean)"},{"name":"getToggleColorPicker","signature":"getToggleColorPicker As Boolean"},{"name":"CloseColorPicker","signature":"CloseColorPicker"},{"name":"OpenColorPicker","signature":"OpenColorPicker"},{"name":"setWheelPlacement\t\t\t","signature":"setWheelPlacement(s As String)\t\t\t"},{"name":"getWheelPlacement","signature":"getWheelPlacement As String"},{"name":"RefreshColorWheel\t\t\t","signature":"RefreshColorWheel\t\t\t"},{"name":"setHandleDiameter","signature":"setHandleDiameter(i As Int)"},{"name":"setWheelDiameter","signature":"setWheelDiameter(i As Int)"},{"name":"setWheelThickness","signature":"setWheelThickness(i As Int)"},{"name":"getHandleDiameter","signature":"getHandleDiameter As Int"},{"name":"getWheelDiameter","signature":"getWheelDiameter As Int"},{"name":"getWheelThickness","signature":"getWheelThickness As Int"},{"name":"setAppendColor\t\t\t","signature":"setAppendColor(s As String)\t\t\t"},{"name":"setAppendIconColor\t\t\t","signature":"setAppendIconColor(s As String)\t\t\t"},{"name":"setPrependColor\t\t\t\t","signature":"setPrependColor(s As String)\t\t\t\t"},{"name":"setPrependIconColor\t\t\t","signature":"setPrependIconColor(s As String)\t\t\t"},{"name":"getAppendColor","signature":"getAppendColor As String"},{"name":"getAppendIconColor","signature":"getAppendIconColor As String"},{"name":"getPrependColor","signature":"getPrependColor As String"},{"name":"getPrependIconColor","signature":"getPrependIconColor As String"},{"name":"Focus","signature":"Focus"},{"name":"RefreshDatePicker\t\t\t","signature":"RefreshDatePicker\t\t\t"},{"name":"setDPTwentyFour","signature":"setDPTwentyFour(b As Boolean)"},{"name":"getDPTwentyFour","signature":"getDPTwentyFour As Boolean"},{"name":"CloseDatePicker","signature":"CloseDatePicker"},{"name":"OpenDatePicker","signature":"OpenDatePicker"},{"name":"RedrawDatePicker","signature":"RedrawDatePicker"},{"name":"ToogleDatePicker","signature":"ToogleDatePicker"},{"name":"setDPPosition","signature":"setDPPosition(s As String)"},{"name":"getDPPosition","signature":"getDPPosition As String"},{"name":"setDPLocale","signature":"setDPLocale(s As String)"},{"name":"getDPLocale","signature":"getDPLocale As String"},{"name":"setDPAllowInput","signature":"setDPAllowInput(b As Boolean)"},{"name":"setDPAltFormat","signature":"setDPAltFormat(s As String)"},{"name":"setDPAltInput","signature":"setDPAltInput(b As Boolean)"},{"name":"setDPAltInputClass","signature":"setDPAltInputClass(s As String)"},{"name":"setDPCloseOnSelect","signature":"setDPCloseOnSelect(b As Boolean)"},{"name":"setDPConjunction","signature":"setDPConjunction(s As String)"},{"name":"setDPDateFormat","signature":"setDPDateFormat(s As String)"},{"name":"setDPMode","signature":"setDPMode(s As String)"},{"name":"setDPShowMonths","signature":"setDPShowMonths(i As Int)"},{"name":"getDPAllowInput","signature":"getDPAllowInput As Boolean"},{"name":"getDPAltFormat","signature":"getDPAltFormat As String"},{"name":"getDPAltInput","signature":"getDPAltInput As Boolean"},{"name":"getDPAltInputClass","signature":"getDPAltInputClass As String"},{"name":"getDPCloseOnSelect","signature":"getDPCloseOnSelect As Boolean"},{"name":"getDPConjunction","signature":"getDPConjunction As String"},{"name":"getDPDateFormat","signature":"getDPDateFormat As String"},{"name":"getDPMode","signature":"getDPMode As String"},{"name":"getDPShowMonths","signature":"getDPShowMonths As Int"},{"name":"setShowEyes\t\t\t\t","signature":"setShowEyes(b As Boolean)\t\t\t\t"},{"name":"DefaultPassword","signature":"DefaultPassword"},{"name":"getShowEyes","signature":"getShowEyes As Boolean"},{"name":"setBackgroundColor\t\t\t","signature":"setBackgroundColor(s As String)\t\t\t"},{"name":"setBorder\t\t\t\t","signature":"setBorder(b As Boolean)\t\t\t\t"},{"name":"setBorderColor\t\t\t","signature":"setBorderColor(s As String)\t\t\t"},{"name":"setRoundedBox\t\t\t","signature":"setRoundedBox(b As Boolean)\t\t\t"},{"name":"setShadow\t\t\t\t\t","signature":"setShadow(s As String)\t\t\t\t\t"},{"name":"getBackgroundColor","signature":"getBackgroundColor As String"},{"name":"getBorder","signature":"getBorder As Boolean"},{"name":"getBorderColor","signature":"getBorderColor As String"},{"name":"getRoundedBox","signature":"getRoundedBox As Boolean"},{"name":"getShadow","signature":"getShadow As String"},{"name":"setWidth\t\t\t","signature":"setWidth(s As String)\t\t\t"},{"name":"getWidth","signature":"getWidth As String"},{"name":"setInputType","signature":"setInputType(s As String)"},{"name":"getInputType","signature":"getInputType As String"},{"name":"setAppendImage\t\t\t\t","signature":"setAppendImage(s As String)\t\t\t\t"},{"name":"getAppendImage","signature":"getAppendImage As String"},{"name":"setAppendIcon\t\t\t\t","signature":"setAppendIcon(s As String)\t\t\t\t"},{"name":"setAppendVisible\t\t\t\t","signature":"setAppendVisible(b As Boolean)\t\t\t\t"},{"name":"setPrependImage\t\t\t\t","signature":"setPrependImage(s As String)\t\t\t\t"},{"name":"getPrependImage","signature":"getPrependImage As String"},{"name":"setPrependIcon\t\t\t\t","signature":"setPrependIcon(s As String)\t\t\t\t"},{"name":"setPrependVisible\t\t\t\t","signature":"setPrependVisible(b As Boolean)\t\t\t\t"},{"name":"getAppendIcon","signature":"getAppendIcon As String"},{"name":"getAppendVisible","signature":"getAppendVisible As Boolean"},{"name":"getPrependIcon","signature":"getPrependIcon As String"},{"name":"getPrependVisible","signature":"getPrependVisible As Boolean"},{"name":"setValue\t\t\t","signature":"setValue(text As String)\t\t\t"},{"name":"getValue","signature":"getValue As String\t\t\t\t\t"},{"name":"setVisible","signature":"setVisible(b As Boolean)"},{"name":"getVisible","signature":"getVisible As Boolean"},{"name":"setEnabled\t\t\t","signature":"setEnabled(b As Boolean)\t\t\t"},{"name":"getEnabled","signature":"getEnabled As Boolean"},{"name":"setColor\t\t\t\t","signature":"setColor(s As String)\t\t\t\t"},{"name":"setGhost\t\t\t\t","signature":"setGhost(b As Boolean)\t\t\t\t"},{"name":"setGrow\t\t\t","signature":"setGrow(b As Boolean)\t\t\t"},{"name":"setHint\t\t\t","signature":"setHint(s As String)\t\t\t"},{"name":"HintError\t\t\t","signature":"HintError(s As String)\t\t\t"},{"name":"setLabel","signature":"setLabel(s As String)"},{"name":"setMaxLength\t\t\t","signature":"setMaxLength(s As String)\t\t\t"},{"name":"setMaxValue\t\t\t","signature":"setMaxValue(s As String)\t\t\t"},{"name":"setMinLength\t\t\t\t","signature":"setMinLength(s As String)\t\t\t\t"},{"name":"setMinValue\t\t\t","signature":"setMinValue(s As String)\t\t\t"},{"name":"setPattern\t\t\t","signature":"setPattern(s As String)\t\t\t"},{"name":"setPlaceholder\t\t\t","signature":"setPlaceholder(s As String)\t\t\t"},{"name":"setRequired\t\t\t\t","signature":"setRequired(b As Boolean)\t\t\t\t"},{"name":"setReadOnly\t\t\t\t","signature":"setReadOnly(b As Boolean)\t\t\t\t"},{"name":"getReadOnly","signature":"getReadOnly As Boolean"},{"name":"setSize\t\t\t\t","signature":"setSize(s As String)\t\t\t\t"},{"name":"setStepValue\t\t\t\t","signature":"setStepValue(s As String)\t\t\t\t"},{"name":"setTypeOf\t\t\t\t","signature":"setTypeOf(s As String)\t\t\t\t"},{"name":"setValidator","signature":"setValidator(b As Boolean)"},{"name":"setValidatorHint","signature":"setValidatorHint(s As String)"},{"name":"getColor","signature":"getColor As String"},{"name":"getGhost","signature":"getGhost As Boolean"},{"name":"getGrow","signature":"getGrow As Boolean"},{"name":"getHint","signature":"getHint As String"},{"name":"getLabel","signature":"getLabel As String"},{"name":"getMaxLength","signature":"getMaxLength As String"},{"name":"getMaxValue","signature":"getMaxValue As String"},{"name":"getMinLength","signature":"getMinLength As String"},{"name":"getMinValue","signature":"getMinValue As String"},{"name":"getPattern","signature":"getPattern As String"},{"name":"getPlaceholder","signature":"getPlaceholder As String"},{"name":"getRequired","signature":"getRequired As Boolean"},{"name":"getSize","signature":"getSize As String"},{"name":"getStepValue","signature":"getStepValue As String"},{"name":"getTypeOf","signature":"getTypeOf As String"},{"name":"getValidator","signature":"getValidator As Boolean"},{"name":"getValidatorHint","signature":"getValidatorHint As String"},{"name":"IsMatch","signature":"IsMatch(otherValue As String, tErrorMessage As String) As Boolean\t\t\t'ignore"},{"name":"IsMinLength","signature":"IsMinLength(minLen As Int) As Boolean\t\t\t\t'ignore"},{"name":"IsMaxLength","signature":"IsMaxLength(minLen As Int) As Boolean\t\t\t\t'ignore"},{"name":"IsLength","signature":"IsLength(minLen As Int) As Boolean\t\t\t\t'ignore"},{"name":"IsBlank","signature":"IsBlank As Boolean"},{"name":"IsValidEmail","signature":"IsValidEmail As Boolean"},{"name":"IsValidUrl","signature":"IsValidUrl As Boolean"},{"name":"IsAlphanumeric","signature":"IsAlphanumeric As Boolean"},{"name":"IsNumeric","signature":"IsNumeric As Boolean"},{"name":"IsStrongPassword","signature":"IsStrongPassword As Boolean"},{"name":"ResetValidation","signature":"ResetValidation"}]}