{"name":"SDUI5Svg","properties":[{"Key":"ParentID","DisplayName":"ParentID","FieldType":"String","DefaultValue":"","Description":"The ParentID of this component","List":""},{"Key":"Replace","DisplayName":"Replace","FieldType":"Boolean","DefaultValue":"True","Description":"Replace","List":""},{"Key":"Fit","DisplayName":"Fit","FieldType":"Boolean","DefaultValue":"True","Description":"Fit","List":""},{"Key":"Src","DisplayName":"Src","FieldType":"String","DefaultValue":"","Description":"Src","List":""},{"Key":"Width","DisplayName":"Width","FieldType":"String","DefaultValue":"","Description":"Width","List":""},{"Key":"Height","DisplayName":"Height","FieldType":"String","DefaultValue":"","Description":"Height","List":""},{"Key":"Color","DisplayName":"Color","FieldType":"String","DefaultValue":"","Description":"Color","List":""},{"Key":"FillColor","DisplayName":"Fill Color","FieldType":"String","DefaultValue":"currentColor","Description":"Fill Color","List":""},{"Key":"StrokeColor","DisplayName":"Stroke Color","FieldType":"String","DefaultValue":"","Description":"Stroke Color","List":""},{"Key":"StrokeWidth","DisplayName":"Stroke Width","FieldType":"String","DefaultValue":"","Description":"Stroke Width","List":""},{"Key":"Cache","DisplayName":"Cache","FieldType":"String","DefaultValue":"","Description":"Cache","List":""},{"Key":"CacheDisabled","DisplayName":"Cache Disabled","FieldType":"Boolean","DefaultValue":"True","Description":"Cache Disabled","List":""},{"Key":"DisableCssScoping","DisplayName":"Disable Css Scoping","FieldType":"Boolean","DefaultValue":"False","Description":"Disable Css Scoping","List":""},{"Key":"DisableUniqueId","DisplayName":"Disable Unique Id","FieldType":"Boolean","DefaultValue":"False","Description":"Disable Unique Id","List":""},{"Key":"JSEnabled","DisplayName":"JS Enabled","FieldType":"Boolean","DefaultValue":"False","Description":"JS Enabled","List":""},{"Key":"LazyLoading","DisplayName":"Lazy Loading","FieldType":"Boolean","DefaultValue":"False","Description":"Lazy Loading","List":""},{"Key":"Visible","DisplayName":"Visible","FieldType":"Boolean","DefaultValue":"True","Description":"If visible.","List":""},{"Key":"PositionStyle","DisplayName":"Position Style","FieldType":"String","DefaultValue":"none","Description":"Position","List":"absolute|fixed|none|relative|static|sticky"},{"Key":"Position","DisplayName":"Position Locations","FieldType":"String","DefaultValue":"t=?; b=?; r=?; l=?","Description":"Position Locations","List":""},{"Key":"MarginAXYTBLR","DisplayName":"Margins","FieldType":"String","DefaultValue":"a=?; x=?; y=?; t=?; b=?; l=?; r=?","Description":"Margins A(all)-X(LR)-Y(TB)-T-B-L-R","List":""},{"Key":"PaddingAXYTBLR","DisplayName":"Paddings","FieldType":"String","DefaultValue":"a=?; x=?; y=?; t=?; b=?; l=?; r=?","Description":"Paddings A(all)-X(LR)-Y(TB)-T-B-L-R","List":""},{"Key":"RawClasses","DisplayName":"Classes (;)","FieldType":"String","DefaultValue":"","Description":"Classes added to the HTML tag.","List":""},{"Key":"RawStyles","DisplayName":"Styles (JSON)","FieldType":"String","DefaultValue":"","Description":"Styles added to the HTML tag. Must be a json String use = and ;","List":""},{"Key":"RawAttributes","DisplayName":"Attributes (JSON)","FieldType":"String","DefaultValue":"","Description":"Attributes added to the HTML tag. Must be a json String use = and ;","List":""}],"events":[{"name":"Click (e As BANanoEvent)"}],"methods":[{"name":"Class_Globals","signature":"Class_Globals"},{"name":"Initialize","signature":"Initialize (Callback As Object, Name As String, EventName As String)"},{"name":"setPositionStyle","signature":"setPositionStyle(s As String)"},{"name":"getAttributes","signature":"getAttributes As String"},{"name":"getStyles","signature":"getStyles As String"},{"name":"getClasses","signature":"getClasses As String"},{"name":"getPaddingAXYTBLR","signature":"getPaddingAXYTBLR As String"},{"name":"getMarginAXYTBLR","signature":"getMarginAXYTBLR As String"},{"name":"getPositionStyle","signature":"getPositionStyle As String"},{"name":"setPosition","signature":"setPosition(s As String)"},{"name":"getPosition","signature":"getPosition As String"},{"name":"setAttributes","signature":"setAttributes(s As String)"},{"name":"setStyles","signature":"setStyles(s As String)"},{"name":"setClasses","signature":"setClasses(s As String)"},{"name":"setPaddingAXYTBLR","signature":"setPaddingAXYTBLR(s As String)"},{"name":"setMarginAXYTBLR","signature":"setMarginAXYTBLR(s As String)"},{"name":"setVisible","signature":"setVisible(b As Boolean)"},{"name":"getVisible","signature":"getVisible As Boolean"},{"name":"getID","signature":"getID() As String"},{"name":"SetProperties","signature":"SetProperties(props As Map)"},{"name":"GetProperties","signature":"GetProperties As Map"},{"name":"AddComponent","signature":"AddComponent"},{"name":"Remove","signature":"Remove()"},{"name":"setParentID","signature":"setParentID(s As String)"},{"name":"getParentID","signature":"getParentID As String"},{"name":"getHere","signature":"getHere() As String"},{"name":"DesignerCreateView","signature":"DesignerCreateView (Target As BANanoElement, Props As Map)"},{"name":"setFit","signature":"setFit(b As Boolean)"},{"name":"getFit","signature":"getFit As Boolean"},{"name":"setReplace","signature":"setReplace(b As Boolean)"},{"name":"getReplace","signature":"getReplace As Boolean"},{"name":"setCache","signature":"setCache(s As String)"},{"name":"setCacheDisabled","signature":"setCacheDisabled(b As Boolean)"},{"name":"setColor","signature":"setColor(s As String)"},{"name":"setDisableCssScoping","signature":"setDisableCssScoping(b As Boolean)"},{"name":"setDisableUniqueId","signature":"setDisableUniqueId(b As Boolean)"},{"name":"setFillColor","signature":"setFillColor(s As String)"},{"name":"setHeight","signature":"setHeight(s As String)"},{"name":"setJSEnabled","signature":"setJSEnabled(b As Boolean)"},{"name":"setLazyLoading","signature":"setLazyLoading(b As Boolean)"},{"name":"setSrc","signature":"setSrc(s As String)"},{"name":"setStrokeColor","signature":"setStrokeColor(s As String)"},{"name":"setStrokeWidth","signature":"setStrokeWidth(s As String)"},{"name":"setWidth","signature":"setWidth(s As String)"},{"name":"getCache","signature":"getCache As String"},{"name":"getCacheDisabled","signature":"getCacheDisabled As Boolean"},{"name":"getColor","signature":"getColor As String"},{"name":"getDisableCssScoping","signature":"getDisableCssScoping As Boolean"},{"name":"getDisableUniqueId","signature":"getDisableUniqueId As Boolean"},{"name":"getFillColor","signature":"getFillColor As String"},{"name":"getHeight","signature":"getHeight As String"},{"name":"getJSEnabled","signature":"getJSEnabled As Boolean"},{"name":"getLazyLoading","signature":"getLazyLoading As Boolean"},{"name":"getSrc","signature":"getSrc As String"},{"name":"getStrokeColor","signature":"getStrokeColor As String"},{"name":"getStrokeWidth","signature":"getStrokeWidth As String"},{"name":"getWidth","signature":"getWidth As String"}]}