{"name":"SDUI5Segment","properties":[{"Key":"ParentID","DisplayName":"ParentID","FieldType":"String","DefaultValue":"","Description":"The ParentID of this component","List":""},{"Key":"Size","DisplayName":"Size","FieldType":"String","DefaultValue":"md","Description":"Size","List":"lg|md|none|sm|xl|xs"},{"Key":"Height","DisplayName":"Height","FieldType":"String","DefaultValue":"fit","Description":"Height","List":""},{"Key":"Width","DisplayName":"Width","FieldType":"String","DefaultValue":"fit","Description":"Width","List":""},{"Key":"RawOptions","DisplayName":"Options (JSON)","FieldType":"String","DefaultValue":"btn1=Button 1; btn2=Button 2; btn3=Button 3","Description":"Key Values","List":""},{"Key":"IconSize","DisplayName":"Icon Size","FieldType":"String","DefaultValue":"20px","Description":"Icon Size","List":""},{"Key":"BadgeColor","DisplayName":"Badge Color","FieldType":"String","DefaultValue":"","Description":"Badge Color","List":""},{"Key":"BadgeSize","DisplayName":"Badge Size","FieldType":"String","DefaultValue":"md","Description":"Badge Size","List":"lg|md|none|sm|xl|xs"},{"Key":"ActiveColor","DisplayName":"Active Color","FieldType":"String","DefaultValue":"#0000ff","Description":"Active Color","List":""},{"Key":"ActiveTextColor","DisplayName":"Active Text Color","FieldType":"String","DefaultValue":"#ffffff","Description":"Active Text Color","List":""},{"Key":"OptionWidth","DisplayName":"Option Width","FieldType":"String","DefaultValue":"32","Description":"Option Width","List":""},{"Key":"Active","DisplayName":"Active Item","FieldType":"String","DefaultValue":"btn1","Description":"Active Item","List":""},{"Key":"Visible","DisplayName":"Visible","FieldType":"Boolean","DefaultValue":"True","Description":"If visible.","List":""},{"Key":"Enabled","DisplayName":"Enabled","FieldType":"Boolean","DefaultValue":"True","Description":"If enabled.","List":""},{"Key":"PositionStyle","DisplayName":"Position Style","FieldType":"String","DefaultValue":"none","Description":"Position","List":"absolute|fixed|none|relative|static|sticky"},{"Key":"Position","DisplayName":"Position Locations","FieldType":"String","DefaultValue":"t=?; b=?; r=?; l=?","Description":"Position Locations","List":""},{"Key":"MarginAXYTBLR","DisplayName":"Margins","FieldType":"String","DefaultValue":"a=?; x=?; y=?; t=?; b=?; l=?; r=?","Description":"Margins A(all)-X(LR)-Y(TB)-T-B-L-R","List":""},{"Key":"PaddingAXYTBLR","DisplayName":"Paddings","FieldType":"String","DefaultValue":"a=?; x=?; y=?; t=?; b=?; l=?; r=?","Description":"Paddings A(all)-X(LR)-Y(TB)-T-B-L-R","List":""},{"Key":"RawClasses","DisplayName":"Classes (;)","FieldType":"String","DefaultValue":"","Description":"Classes added to the HTML tag.","List":""},{"Key":"RawStyles","DisplayName":"Styles (JSON)","FieldType":"String","DefaultValue":"","Description":"Styles added to the HTML tag. Must be a json String use = and ;","List":""},{"Key":"RawAttributes","DisplayName":"Attributes (JSON)","FieldType":"String","DefaultValue":"","Description":"Attributes added to the HTML tag. Must be a json String use = and ;","List":""}],"events":[{"name":"Change (item As String)"}],"methods":[{"name":"Class_Globals","signature":"Class_Globals"},{"name":"Initialize","signature":"Initialize (Callback As Object, Name As String, EventName As String)"},{"name":"getID","signature":"getID() As String"},{"name":"setPositionStyle","signature":"setPositionStyle(s As String)"},{"name":"getPositionStyle","signature":"getPositionStyle As String"},{"name":"setPosition","signature":"setPosition(s As String)"},{"name":"getPosition","signature":"getPosition As String"},{"name":"setAttributes","signature":"setAttributes(s As String)"},{"name":"setStyles","signature":"setStyles(s As String)"},{"name":"setClasses","signature":"setClasses(s As String)"},{"name":"setPaddingAXYTBLR","signature":"setPaddingAXYTBLR(s As String)"},{"name":"setMarginAXYTBLR","signature":"setMarginAXYTBLR(s As String)"},{"name":"getAttributes","signature":"getAttributes As String"},{"name":"getStyles","signature":"getStyles As String"},{"name":"getClasses","signature":"getClasses As String"},{"name":"getPaddingAXYTBLR","signature":"getPaddingAXYTBLR As String"},{"name":"getMarginAXYTBLR","signature":"getMarginAXYTBLR As String"},{"name":"SetProperties","signature":"SetProperties(props As Map)"},{"name":"GetProperties","signature":"GetProperties As Map"},{"name":"AddComponent","signature":"AddComponent"},{"name":"Remove","signature":"Remove()"},{"name":"setParentID","signature":"setParentID(s As String)"},{"name":"getParentID","signature":"getParentID As String"},{"name":"getHere","signature":"getHere() As String"},{"name":"setVisible","signature":"setVisible(b As Boolean)"},{"name":"getVisible","signature":"getVisible As Boolean"},{"name":"DesignerCreateView","signature":"DesignerCreateView (Target As BANanoElement, Props As Map)"},{"name":"setIconSize","signature":"setIconSize(s As String)"},{"name":"getIconSize","signature":"getIconSize As String"},{"name":"setBadgeColor\t\t\t\t\t","signature":"setBadgeColor(s As String)\t\t\t\t\t"},{"name":"setBadgeSize","signature":"setBadgeSize(s As String)"},{"name":"getBadgeColor","signature":"getBadgeColor As String"},{"name":"getBadgeSize","signature":"getBadgeSize As String"},{"name":"setActiveColor","signature":"setActiveColor(s As String)"},{"name":"setActiveTextColor","signature":"setActiveTextColor(s As String)"},{"name":"setOptionWidth","signature":"setOptionWidth(s As String)"},{"name":"getActiveColor","signature":"getActiveColor As String"},{"name":"getActiveTextColor","signature":"getActiveTextColor As String"},{"name":"getOptionWidth","signature":"getOptionWidth As String"},{"name":"getWidth","signature":"getWidth As String"},{"name":"setWidth","signature":"setWidth(s As String)"},{"name":"getHeight","signature":"getHeight As String"},{"name":"setHeight","signature":"setHeight(s As String)"},{"name":"Clear\t\t\t","signature":"Clear\t\t\t"},{"name":"setOptions\t\t\t","signature":"setOptions(s As String)\t\t\t"},{"name":"AddButton","signature":"AddButton(sKey As String, sText As String)"},{"name":"AddTabItem","signature":"AddTabItem(sKey As String, sText As String, sIcon As String, sBadge As String) As SDUI5TabsItem"},{"name":"TabItem","signature":"TabItem(skey As String) As SDUI5TabsItem"},{"name":"getOptions","signature":"getOptions As String"},{"name":"setSize","signature":"setSize(s As String)"},{"name":"getSize","signature":"getSize As String"},{"name":"setActive\t\t\t","signature":"setActive(item As String)\t\t\t"},{"name":"setDisabled","signature":"setDisabled(sitems As String)"},{"name":"getActive","signature":"getActive As String"},{"name":"getDisabled","signature":"getDisabled As String"}]}