{"name":"SDUI5Steps","properties":[{"Key":"ParentID","DisplayName":"ParentID","FieldType":"String","DefaultValue":"","Description":"The ParentID of this component","List":""},{"Key":"Direction","DisplayName":"Direction","FieldType":"String","DefaultValue":"horizontal","Description":"Direction","List":"horizontal|vertical"},{"Key":"TextSize","DisplayName":"Text Size","FieldType":"String","DefaultValue":"sm","Description":"Text Size","List":"2xl|3xl|4xl|5xl|6xl|7xl|8xl|9xl|base|lg|md|none|sm|xl|xs"},{"Key":"RawSteps","DisplayName":"Steps","FieldType":"String","DefaultValue":"Register;Choose Plan;Purchase;Receive Product","Description":"Steps","List":""},{"Key":"ActiveStep","DisplayName":"Active Step","FieldType":"String","DefaultValue":"1","Description":"Active Step","List":""},{"Key":"StepsColor","DisplayName":"Steps Color","FieldType":"String","DefaultValue":"primary","Description":"Steps Color","List":"accent|error|info|neutral|none|primary|secondary|success|warning"},{"Key":"SMDirection","DisplayName":"SM Direction","FieldType":"String","DefaultValue":"none","Description":"S m Direction","List":"horizontal|none|vertical"},{"Key":"MDDirection","DisplayName":"MD Direction","FieldType":"String","DefaultValue":"none","Description":"M d Direction","List":"horizontal|none|vertical"},{"Key":"LGDirection","DisplayName":"LG Direction","FieldType":"String","DefaultValue":"none","Description":"L g Direction","List":"horizontal|none|vertical"},{"Key":"XLDirection","DisplayName":"XL Direction","FieldType":"String","DefaultValue":"none","Description":"X l Direction","List":"horizontal|none|vertical"},{"Key":"Rounded","DisplayName":"Rounded","FieldType":"String","DefaultValue":"none","Description":"Rounded","List":"2xl|3xl|full|lg|md|none|rounded|sm|xl|0"},{"Key":"RoundedBox","DisplayName":"Rounded Box","FieldType":"Boolean","DefaultValue":"False","Description":"Rounded Box","List":""},{"Key":"Shadow","DisplayName":"Shadow","FieldType":"String","DefaultValue":"none","Description":"Shadow","List":"2xl|inner|lg|md|none|shadow|sm|xl"},{"Key":"OverflowXAuto","DisplayName":"Overflow X Auto","FieldType":"Boolean","DefaultValue":"False","Description":"Overflow X Auto","List":""},{"Key":"Height","DisplayName":"Height","FieldType":"String","DefaultValue":"","Description":"Height","List":""},{"Key":"Width","DisplayName":"Width","FieldType":"String","DefaultValue":"full","Description":"Width","List":""},{"Key":"Visible","DisplayName":"Visible","FieldType":"Boolean","DefaultValue":"True","Description":"If visible.","List":""},{"Key":"Enabled","DisplayName":"Enabled","FieldType":"Boolean","DefaultValue":"True","Description":"If enabled.","List":""},{"Key":"PositionStyle","DisplayName":"Position Style","FieldType":"String","DefaultValue":"none","Description":"Position","List":"absolute|fixed|none|relative|static|sticky"},{"Key":"Position","DisplayName":"Position Locations","FieldType":"String","DefaultValue":"t=?; b=?; r=?; l=?","Description":"Position Locations","List":""},{"Key":"MarginAXYTBLR","DisplayName":"Margins","FieldType":"String","DefaultValue":"a=?; x=?; y=?; t=?; b=?; l=?; r=?","Description":"Margins A(all)-X(LR)-Y(TB)-T-B-L-R","List":""},{"Key":"PaddingAXYTBLR","DisplayName":"Paddings","FieldType":"String","DefaultValue":"a=?; x=?; y=?; t=?; b=?; l=?; r=?","Description":"Paddings A(all)-X(LR)-Y(TB)-T-B-L-R","List":""},{"Key":"RawClasses","DisplayName":"Classes (;)","FieldType":"String","DefaultValue":"","Description":"Classes added to the HTML tag.","List":""},{"Key":"RawStyles","DisplayName":"Styles (JSON)","FieldType":"String","DefaultValue":"","Description":"Styles added to the HTML tag. Must be a json String use = and ;","List":""},{"Key":"RawAttributes","DisplayName":"Attributes (JSON)","FieldType":"String","DefaultValue":"","Description":"Attributes added to the HTML tag. Must be a json String use = and ;","List":""}],"events":[{"name":"Change (Value as String)"}],"methods":[{"name":"Class_Globals","signature":"Class_Globals"},{"name":"Initialize","signature":"Initialize (Callback As Object, Name As String, EventName As String)"},{"name":"getID","signature":"getID() As String"},{"name":"SetProperties","signature":"SetProperties(props As Map)"},{"name":"GetProperties","signature":"GetProperties As Map"},{"name":"AddComponent","signature":"AddComponent"},{"name":"Remove","signature":"Remove()"},{"name":"setParentID","signature":"setParentID(s As String)"},{"name":"getParentID","signature":"getParentID As String"},{"name":"getHere","signature":"getHere() As String"},{"name":"setVisible","signature":"setVisible(b As Boolean)"},{"name":"getVisible","signature":"getVisible As Boolean"},{"name":"setEnabled","signature":"setEnabled(b As Boolean)"},{"name":"getEnabled","signature":"getEnabled As Boolean"},{"name":"setPositionStyle","signature":"setPositionStyle(s As String)"},{"name":"getPositionStyle","signature":"getPositionStyle As String"},{"name":"setPosition","signature":"setPosition(s As String)"},{"name":"getPosition","signature":"getPosition As String"},{"name":"setAttributes","signature":"setAttributes(s As String)"},{"name":"setStyles","signature":"setStyles(s As String)"},{"name":"setClasses","signature":"setClasses(s As String)"},{"name":"setPaddingAXYTBLR","signature":"setPaddingAXYTBLR(s As String)"},{"name":"setMarginAXYTBLR","signature":"setMarginAXYTBLR(s As String)"},{"name":"getAttributes","signature":"getAttributes As String"},{"name":"getStyles","signature":"getStyles As String"},{"name":"getClasses","signature":"getClasses As String"},{"name":"getPaddingAXYTBLR","signature":"getPaddingAXYTBLR As String"},{"name":"getMarginAXYTBLR","signature":"getMarginAXYTBLR As String"},{"name":"DesignerCreateView","signature":"DesignerCreateView (Target As BANanoElement, Props As Map)"},{"name":"setHeight","signature":"setHeight(s As String)"},{"name":"setWidth","signature":"setWidth(s As String)"},{"name":"getHeight","signature":"getHeight As String"},{"name":"getWidth","signature":"getWidth As String"},{"name":"Clear","signature":"Clear"},{"name":"setSteps\t\t\t\t","signature":"setSteps(s As String)\t\t\t\t"},{"name":"AddStep","signature":"AddStep(stepName As String)"},{"name":"getSteps","signature":"getSteps As String"},{"name":"setActiveStep\t\t\t","signature":"setActiveStep(s As String)\t\t\t"},{"name":"getActiveStep","signature":"getActiveStep As String"},{"name":"setTextSize","signature":"setTextSize(s As String)"},{"name":"getTextSize","signature":"getTextSize As String"},{"name":"setDirection","signature":"setDirection(s As String)"},{"name":"setLGDirection","signature":"setLGDirection(s As String)"},{"name":"setMDDirection","signature":"setMDDirection(s As String)"},{"name":"setRounded","signature":"setRounded(s As String)"},{"name":"setRoundedBox","signature":"setRoundedBox(b As Boolean)"},{"name":"setSMDirection","signature":"setSMDirection(s As String)"},{"name":"setShadow","signature":"setShadow(s As String)"},{"name":"setXLDirection","signature":"setXLDirection(s As String)"},{"name":"getDirection","signature":"getDirection As String"},{"name":"getLGDirection","signature":"getLGDirection As String"},{"name":"getMDDirection","signature":"getMDDirection As String"},{"name":"getRounded","signature":"getRounded As String"},{"name":"getRoundedBox","signature":"getRoundedBox As Boolean"},{"name":"getSMDirection","signature":"getSMDirection As String"},{"name":"getShadow","signature":"getShadow As String"},{"name":"getXLDirection","signature":"getXLDirection As String"}]}