{"name":"SDUI5StatItem","properties":[{"Key":"ReadMe","DisplayName":"ReadMe","FieldType":"String","DefaultValue":"Child Item _figure|_actions","Description":"Child Item _figure|_actions","List":""},{"Key":"ParentID","DisplayName":"ParentID","FieldType":"String","DefaultValue":"","Description":"The ParentID of this component","List":""},{"Key":"FigureType","DisplayName":"Figure Type","FieldType":"String","DefaultValue":"none","Description":"Figure Type","List":"avatar|icon|image|none|radial-progress"},{"Key":"AvatarShape","DisplayName":"Image/Avatar Shape","FieldType":"String","DefaultValue":"circle","Description":"Avatar Shape","List":"circle|decagon|diamond|heart|hexagon|hexagon-2|none|pentagon|square|squircle|star|star-2|triangle|triangle-2|triangle-3|triangle-4|rounded-2xl|rounded-3xl|rounded|rounded-lg|rounded-md|rounded-sm|rounded-xl"},{"Key":"PlaceItemsCenter","DisplayName":"Center Children","FieldType":"Boolean","DefaultValue":"False","Description":"Center Children","List":""},{"Key":"Title","DisplayName":"Title","FieldType":"String","DefaultValue":"Total Page Views","Description":"Title","List":""},{"Key":"TitleTextColor","DisplayName":"Title Text Color","FieldType":"String","DefaultValue":"","Description":"Title Text Color","List":""},{"Key":"Value","DisplayName":"Value","FieldType":"String","DefaultValue":"89 400","Description":"Value","List":""},{"Key":"ValueTextColor","DisplayName":"Value Text Color","FieldType":"String","DefaultValue":"","Description":"Value Text Color","List":""},{"Key":"Desc","DisplayName":"Desc","FieldType":"String","DefaultValue":"21% more than last month","Description":"Desc","List":""},{"Key":"DescTextColor","DisplayName":"Desc Text Color","FieldType":"String","DefaultValue":"","Description":"Desc Text Color","List":""},{"Key":"FigureColor","DisplayName":"Figure Color","FieldType":"String","DefaultValue":"","Description":"Figure Color (Icon/Radial)","List":""},{"Key":"Icon","DisplayName":"Icon/Image/Avatar URL","FieldType":"String","DefaultValue":"","Description":"Icon/Image/Avatar","List":""},{"Key":"IconHeight","DisplayName":"Icon/Image/Avatar Height","FieldType":"String","DefaultValue":"32px","Description":"Icon/Image/Avatar Height","List":""},{"Key":"IconWidth","DisplayName":"Icon/Image/Avatar Width","FieldType":"String","DefaultValue":"32px","Description":"Icon/Image/Avatar Width","List":""},{"Key":"RadialValue","DisplayName":"Radial Value","FieldType":"String","DefaultValue":"60","Description":"Radial Value","List":""},{"Key":"RadialSize","DisplayName":"Radial Size","FieldType":"String","DefaultValue":"3rem","Description":"Radial Size","List":""},{"Key":"RadialThickness","DisplayName":"Radial Thickness","FieldType":"String","DefaultValue":"5px","Description":"Radial Thickness","List":""},{"Key":"Shadow","DisplayName":"Shadow","FieldType":"String","DefaultValue":"none","Description":"Shadow","List":"2xl|inner|lg|md|none|shadow|sm|xl"},{"Key":"ActionsVisible","DisplayName":"Actions Visible","FieldType":"Boolean","DefaultValue":"False","Description":"Actions Visible","List":""},{"Key":"Rounded","DisplayName":"Rounded","FieldType":"String","DefaultValue":"none","Description":"Rounded","List":"0|2xl|3xl|full|lg|md|none|rounded|sm|xl"},{"Key":"RoundedBox","DisplayName":"Rounded Box","FieldType":"Boolean","DefaultValue":"False","Description":"Rounded Box","List":""},{"Key":"Visible","DisplayName":"Visible","FieldType":"Boolean","DefaultValue":"True","Description":"If visible.","List":""},{"Key":"Enabled","DisplayName":"Enabled","FieldType":"Boolean","DefaultValue":"True","Description":"If enabled.","List":""},{"Key":"PositionStyle","DisplayName":"Position Style","FieldType":"String","DefaultValue":"none","Description":"Position","List":"absolute|fixed|none|relative|static|sticky"},{"Key":"Position","DisplayName":"Position Locations","FieldType":"String","DefaultValue":"t=?; b=?; r=?; l=?","Description":"Position Locations","List":""},{"Key":"MarginAXYTBLR","DisplayName":"Margins","FieldType":"String","DefaultValue":"a=?; x=?; y=?; t=?; b=?; l=?; r=?","Description":"Margins A(all)-X(LR)-Y(TB)-T-B-L-R","List":""},{"Key":"PaddingAXYTBLR","DisplayName":"Paddings","FieldType":"String","DefaultValue":"a=?; x=?; y=?; t=?; b=?; l=?; r=?","Description":"Paddings A(all)-X(LR)-Y(TB)-T-B-L-R","List":""},{"Key":"RawClasses","DisplayName":"Classes (;)","FieldType":"String","DefaultValue":"","Description":"Classes added to the HTML tag.","List":""},{"Key":"RawStyles","DisplayName":"Styles (JSON)","FieldType":"String","DefaultValue":"","Description":"Styles added to the HTML tag. Must be a json String use = and ;","List":""},{"Key":"RawAttributes","DisplayName":"Attributes (JSON)","FieldType":"String","DefaultValue":"","Description":"Attributes added to the HTML tag. Must be a json String use = and ;","List":""}],"events":[],"methods":[{"name":"Class_Globals","signature":"Class_Globals"},{"name":"Initialize","signature":"Initialize (Callback As Object, Name As String, EventName As String)"},{"name":"getID","signature":"getID() As String"},{"name":"SetProperties","signature":"SetProperties(props As Map)"},{"name":"GetProperties","signature":"GetProperties As Map"},{"name":"AddComponent","signature":"AddComponent"},{"name":"Remove","signature":"Remove()"},{"name":"setParentID","signature":"setParentID(s As String)"},{"name":"getParentID","signature":"getParentID As String"},{"name":"getHere","signature":"getHere() As String"},{"name":"setVisible","signature":"setVisible(b As Boolean)"},{"name":"getVisible","signature":"getVisible As Boolean"},{"name":"setEnabled","signature":"setEnabled(b As Boolean)"},{"name":"getEnabled","signature":"getEnabled As Boolean"},{"name":"setPositionStyle","signature":"setPositionStyle(s As String)"},{"name":"getPositionStyle","signature":"getPositionStyle As String"},{"name":"setPosition","signature":"setPosition(s As String)"},{"name":"getPosition","signature":"getPosition As String"},{"name":"setAttributes","signature":"setAttributes(s As String)"},{"name":"setStyles","signature":"setStyles(s As String)"},{"name":"setClasses","signature":"setClasses(s As String)"},{"name":"setPaddingAXYTBLR","signature":"setPaddingAXYTBLR(s As String)"},{"name":"setMarginAXYTBLR","signature":"setMarginAXYTBLR(s As String)"},{"name":"getAttributes","signature":"getAttributes As String"},{"name":"getStyles","signature":"getStyles As String"},{"name":"getClasses","signature":"getClasses As String"},{"name":"getPaddingAXYTBLR","signature":"getPaddingAXYTBLR As String"},{"name":"getMarginAXYTBLR","signature":"getMarginAXYTBLR As String"},{"name":"DesignerCreateView","signature":"DesignerCreateView (Target As BANanoElement, Props As Map)"},{"name":"setRadialSize\t\t\t\t","signature":"setRadialSize(s As String)\t\t\t\t"},{"name":"setRadialThickness\t\t\t","signature":"setRadialThickness(s As String)\t\t\t"},{"name":"setRadialValue","signature":"setRadialValue(s As String)"},{"name":"getRadialSize","signature":"getRadialSize As String"},{"name":"getRadialThickness","signature":"getRadialThickness As String"},{"name":"getRadialValue","signature":"getRadialValue As String"},{"name":"setAvatarShape\t\t\t","signature":"setAvatarShape(s As String)\t\t\t"},{"name":"setFigureType","signature":"setFigureType(s As String)"},{"name":"setFigureColor\t\t","signature":"setFigureColor(s As String)\t\t"},{"name":"getAvatarShape","signature":"getAvatarShape As String"},{"name":"getFigureType","signature":"getFigureType As String"},{"name":"getFigureColor","signature":"getFigureColor As String"},{"name":"setValue\t\t\t\t","signature":"setValue(text As String)\t\t\t\t"},{"name":"setValueTextColor\t\t\t","signature":"setValueTextColor(s As String)\t\t\t"},{"name":"getValue","signature":"getValue As String"},{"name":"setActionsVisible\t\t\t","signature":"setActionsVisible(b As Boolean)\t\t\t"},{"name":"setDesc\t\t\t","signature":"setDesc(s As String)\t\t\t"},{"name":"setDescTextColor\t\t\t","signature":"setDescTextColor(s As String)\t\t\t"},{"name":"setIcon\t\t\t\t","signature":"setIcon(s As String)\t\t\t\t"},{"name":"setIconHeight\t\t\t\t","signature":"setIconHeight(s As String)\t\t\t\t"},{"name":"setIconWidth\t\t\t\t","signature":"setIconWidth(s As String)\t\t\t\t"},{"name":"setPlaceItemsCenter","signature":"setPlaceItemsCenter(b As Boolean)"},{"name":"setRounded","signature":"setRounded(s As String)"},{"name":"setRoundedBox","signature":"setRoundedBox(b As Boolean)"},{"name":"setShadow","signature":"setShadow(s As String)"},{"name":"setTitle\t\t\t\t","signature":"setTitle(s As String)\t\t\t\t"},{"name":"setTitleTextColor\t\t\t\t","signature":"setTitleTextColor(s As String)\t\t\t\t"},{"name":"getActionsVisible","signature":"getActionsVisible As Boolean"},{"name":"getDesc","signature":"getDesc As String"},{"name":"getDescTextColor","signature":"getDescTextColor As String"},{"name":"getIcon","signature":"getIcon As String"},{"name":"getIconHeight","signature":"getIconHeight As String"},{"name":"getIconVisible","signature":"getIconVisible As Boolean"},{"name":"getIconWidth","signature":"getIconWidth As String"},{"name":"getPlaceItemsCenter","signature":"getPlaceItemsCenter As Boolean"},{"name":"getRounded","signature":"getRounded As String"},{"name":"getRoundedBox","signature":"getRoundedBox As Boolean"},{"name":"getShadow","signature":"getShadow As String"},{"name":"getTitle","signature":"getTitle As String"},{"name":"getTitleTextColor","signature":"getTitleTextColor As String"}]}