{"name":"SDUI5TimelineItem","properties":[{"Key":"ParentID","DisplayName":"ParentID","FieldType":"String","DefaultValue":"","Description":"The ParentID of this component","List":""},{"Key":"StartJoinPrefix","DisplayName":"Begin Join","FieldType":"Boolean","DefaultValue":"False","Description":"Begin Join","List":""},{"Key":"StartJoinPrefixColor","DisplayName":"Begin Join Color","FieldType":"String","DefaultValue":"","Description":"Begin Join Color","List":""},{"Key":"Start","DisplayName":"Start","FieldType":"Boolean","DefaultValue":"True","Description":"Start","List":""},{"Key":"StartText","DisplayName":"Start Text","FieldType":"String","DefaultValue":"","Description":"Start Text","List":""},{"Key":"StartBox","DisplayName":"Start Box","FieldType":"Boolean","DefaultValue":"False","Description":"Start Box","List":""},{"Key":"Middle","DisplayName":"Middle","FieldType":"Boolean","DefaultValue":"True","Description":"Middle","List":""},{"Key":"MiddleText","DisplayName":"Middle Text","FieldType":"String","DefaultValue":"","Description":"Middle Text","List":""},{"Key":"MiddleIcon","DisplayName":"Middle Icon","FieldType":"String","DefaultValue":"./assets/checkblack.svg","Description":"Middle Icon","List":""},{"Key":"MiddleIconSize","DisplayName":"Middle Icon Size","FieldType":"String","DefaultValue":"16px","Description":"Middle Icon Size","List":""},{"Key":"MiddleBox","DisplayName":"Middle Box","FieldType":"Boolean","DefaultValue":"False","Description":"Middle Box","List":""},{"Key":"End","DisplayName":"End","FieldType":"Boolean","DefaultValue":"True","Description":"End","List":""},{"Key":"EndText","DisplayName":"End Text","FieldType":"String","DefaultValue":"","Description":"End Text","List":""},{"Key":"EndBox","DisplayName":"End Box","FieldType":"Boolean","DefaultValue":"False","Description":"End Box","List":""},{"Key":"EndJoinSuffix","DisplayName":"Finish Join","FieldType":"Boolean","DefaultValue":"False","Description":"Finish Join","List":""},{"Key":"EndJoinSuffixColor","DisplayName":"Finish Join Color","FieldType":"String","DefaultValue":"","Description":"Finish Join Color","List":""},{"Key":"Visible","DisplayName":"Visible","FieldType":"Boolean","DefaultValue":"True","Description":"If visible.","List":""},{"Key":"Enabled","DisplayName":"Enabled","FieldType":"Boolean","DefaultValue":"True","Description":"If enabled.","List":""},{"Key":"PositionStyle","DisplayName":"Position Style","FieldType":"String","DefaultValue":"none","Description":"Position","List":"absolute|fixed|none|relative|static|sticky"},{"Key":"Position","DisplayName":"Position Locations","FieldType":"String","DefaultValue":"t=?; b=?; r=?; l=?","Description":"Position Locations","List":""},{"Key":"MarginAXYTBLR","DisplayName":"Margins","FieldType":"String","DefaultValue":"a=?; x=?; y=?; t=?; b=?; l=?; r=?","Description":"Margins A(all)-X(LR)-Y(TB)-T-B-L-R","List":""},{"Key":"PaddingAXYTBLR","DisplayName":"Paddings","FieldType":"String","DefaultValue":"a=?; x=?; y=?; t=?; b=?; l=?; r=?","Description":"Paddings A(all)-X(LR)-Y(TB)-T-B-L-R","List":""},{"Key":"RawClasses","DisplayName":"Classes (;)","FieldType":"String","DefaultValue":"","Description":"Classes added to the HTML tag.","List":""},{"Key":"RawStyles","DisplayName":"Styles (JSON)","FieldType":"String","DefaultValue":"","Description":"Styles added to the HTML tag. Must be a json String use = and ;","List":""},{"Key":"RawAttributes","DisplayName":"Attributes (JSON)","FieldType":"String","DefaultValue":"","Description":"Attributes added to the HTML tag. Must be a json String use = and ;","List":""}],"events":[],"methods":[{"name":"Class_Globals","signature":"Class_Globals"},{"name":"Initialize","signature":"Initialize (Callback As Object, Name As String, EventName As String)"},{"name":"getID","signature":"getID() As String"},{"name":"SetProperties","signature":"SetProperties(props As Map)"},{"name":"GetProperties","signature":"GetProperties As Map"},{"name":"AddComponent","signature":"AddComponent"},{"name":"Remove","signature":"Remove()"},{"name":"setParentID","signature":"setParentID(s As String)"},{"name":"getParentID","signature":"getParentID As String"},{"name":"getHere","signature":"getHere() As String"},{"name":"setVisible","signature":"setVisible(b As Boolean)"},{"name":"getVisible","signature":"getVisible As Boolean"},{"name":"setEnabled","signature":"setEnabled(b As Boolean)"},{"name":"getEnabled","signature":"getEnabled As Boolean"},{"name":"setPositionStyle","signature":"setPositionStyle(s As String)"},{"name":"getPositionStyle","signature":"getPositionStyle As String"},{"name":"setPosition","signature":"setPosition(s As String)"},{"name":"getPosition","signature":"getPosition As String"},{"name":"setAttributes","signature":"setAttributes(s As String)"},{"name":"setStyles","signature":"setStyles(s As String)"},{"name":"setClasses","signature":"setClasses(s As String)"},{"name":"setPaddingAXYTBLR","signature":"setPaddingAXYTBLR(s As String)"},{"name":"setMarginAXYTBLR","signature":"setMarginAXYTBLR(s As String)"},{"name":"getAttributes","signature":"getAttributes As String"},{"name":"getStyles","signature":"getStyles As String"},{"name":"getClasses","signature":"getClasses As String"},{"name":"getPaddingAXYTBLR","signature":"getPaddingAXYTBLR As String"},{"name":"getMarginAXYTBLR","signature":"getMarginAXYTBLR As String"},{"name":"DesignerCreateView","signature":"DesignerCreateView (Target As BANanoElement, Props As Map)"},{"name":"setEnd\t\t\t","signature":"setEnd(b As Boolean)\t\t\t"},{"name":"setEndBox\t\t\t","signature":"setEndBox(b As Boolean)\t\t\t"},{"name":"setEndJoinSuffix\t\t\t","signature":"setEndJoinSuffix(b As Boolean)\t\t\t"},{"name":"setEndJoinSuffixColor\t\t\t","signature":"setEndJoinSuffixColor(s As String)\t\t\t"},{"name":"setEndText\t\t\t\t","signature":"setEndText(s As String)\t\t\t\t"},{"name":"setMiddle\t\t\t\t","signature":"setMiddle(b As Boolean)\t\t\t\t"},{"name":"setMiddleBox\t\t\t\t","signature":"setMiddleBox(b As Boolean)\t\t\t\t"},{"name":"setMiddleIcon\t\t\t\t","signature":"setMiddleIcon(s As String)\t\t\t\t"},{"name":"setMiddleIconSize\t\t\t\t","signature":"setMiddleIconSize(s As String)\t\t\t\t"},{"name":"setMiddleText\t\t\t\t","signature":"setMiddleText(s As String)\t\t\t\t"},{"name":"setStart\t\t\t\t","signature":"setStart(b As Boolean)\t\t\t\t"},{"name":"setStartBox\t\t\t","signature":"setStartBox(b As Boolean)\t\t\t"},{"name":"setStartJoinPrefix\t\t\t\t","signature":"setStartJoinPrefix(b As Boolean)\t\t\t\t"},{"name":"setStartJoinPrefixColor\t\t\t","signature":"setStartJoinPrefixColor(s As String)\t\t\t"},{"name":"setStartText\t\t\t","signature":"setStartText(s As String)\t\t\t"},{"name":"getEnd","signature":"getEnd As Boolean"},{"name":"getEndBox","signature":"getEndBox As Boolean"},{"name":"getEndJoinSuffix","signature":"getEndJoinSuffix As Boolean"},{"name":"getEndJoinSuffixColor","signature":"getEndJoinSuffixColor As String"},{"name":"getEndText","signature":"getEndText As String"},{"name":"getMiddle","signature":"getMiddle As Boolean"},{"name":"getMiddleBox","signature":"getMiddleBox As Boolean"},{"name":"getMiddleIcon","signature":"getMiddleIcon As String"},{"name":"getMiddleIconSize","signature":"getMiddleIconSize As String"},{"name":"getMiddleText","signature":"getMiddleText As String"},{"name":"getStart","signature":"getStart As Boolean"},{"name":"getStartBox","signature":"getStartBox As Boolean"},{"name":"getStartJoinPrefix","signature":"getStartJoinPrefix As Boolean"},{"name":"getStartJoinPrefixColor","signature":"getStartJoinPrefixColor As String"},{"name":"getStartText","signature":"getStartText As String"}]}