{"name":"SDUI5Tabs","properties":[{"Key":"ReadMe","DisplayName":"ReadMe","FieldType":"String","DefaultValue":"Child Item {key}_name_content","Description":"Child Item {key}_name_content","List":""},{"Key":"ParentID","DisplayName":"ParentID","FieldType":"String","DefaultValue":"","Description":"The ParentID of this component","List":""},{"Key":"Placement","DisplayName":"Placement","FieldType":"String","DefaultValue":"top","Description":"Placement","List":"bottom|top"},{"Key":"Size","DisplayName":"Size","FieldType":"String","DefaultValue":"none","Description":"Size","List":"lg|md|none|sm|xl|xs"},{"Key":"Style","DisplayName":"Style","FieldType":"String","DefaultValue":"lift","Description":"Style","List":"border|box|lift"},{"Key":"Height","DisplayName":"Height","FieldType":"String","DefaultValue":"","Description":"Height","List":""},{"Key":"Width","DisplayName":"Width","FieldType":"String","DefaultValue":"","Description":"Width","List":""},{"Key":"RawOptions","DisplayName":"Options (JSON)","FieldType":"String","DefaultValue":"btn1=Button 1; btn2=Button 2; btn3=Button 3","Description":"Key Values","List":""},{"Key":"Active","DisplayName":"Active Item","FieldType":"String","DefaultValue":"btn1","Description":"Active Item","List":""},{"Key":"ClearContents","DisplayName":"Clear Contents","FieldType":"Boolean","DefaultValue":"False","Clear Contents":"Clear Contents","List":""},{"Key":"IconSize","DisplayName":"Icon Size","FieldType":"String","DefaultValue":"20px","Description":"Icon Size","List":""},{"Key":"BadgeColor","DisplayName":"Badge Color","FieldType":"String","DefaultValue":"","Description":"Badge Color","List":""},{"Key":"BadgeSize","DisplayName":"Badge Size","FieldType":"String","DefaultValue":"md","Description":"Badge Size","List":"lg|md|none|sm|xl|xs"},{"Key":"Visible","DisplayName":"Visible","FieldType":"Boolean","DefaultValue":"True","Description":"If visible.","List":""},{"Key":"Enabled","DisplayName":"Enabled","FieldType":"Boolean","DefaultValue":"True","Description":"If enabled.","List":""},{"Key":"PositionStyle","DisplayName":"Position Style","FieldType":"String","DefaultValue":"none","Description":"Position","List":"absolute|fixed|none|relative|static|sticky"},{"Key":"Position","DisplayName":"Position Locations","FieldType":"String","DefaultValue":"t=?; b=?; r=?; l=?","Description":"Position Locations","List":""},{"Key":"MarginAXYTBLR","DisplayName":"Margins","FieldType":"String","DefaultValue":"a=?; x=?; y=?; t=?; b=?; l=?; r=?","Description":"Margins A(all)-X(LR)-Y(TB)-T-B-L-R","List":""},{"Key":"PaddingAXYTBLR","DisplayName":"Paddings","FieldType":"String","DefaultValue":"a=?; x=?; y=?; t=?; b=?; l=?; r=?","Description":"Paddings A(all)-X(LR)-Y(TB)-T-B-L-R","List":""},{"Key":"RawClasses","DisplayName":"Classes (;)","FieldType":"String","DefaultValue":"","Description":"Classes added to the HTML tag.","List":""},{"Key":"RawStyles","DisplayName":"Styles (JSON)","FieldType":"String","DefaultValue":"","Description":"Styles added to the HTML tag. Must be a json String use = and ;","List":""},{"Key":"RawAttributes","DisplayName":"Attributes (JSON)","FieldType":"String","DefaultValue":"","Description":"Attributes added to the HTML tag. Must be a json String use = and ;","List":""}],"events":[{"name":"Change (Item As String)"}],"methods":[{"name":"Class_Globals","signature":"Class_Globals"},{"name":"Initialize","signature":"Initialize (Callback As Object, Name As String, EventName As String)"},{"name":"getID","signature":"getID() As String"},{"name":"SetProperties","signature":"SetProperties(props As Map)"},{"name":"GetProperties","signature":"GetProperties As Map"},{"name":"AddComponent","signature":"AddComponent"},{"name":"Remove","signature":"Remove()"},{"name":"setParentID","signature":"setParentID(s As String)"},{"name":"getParentID","signature":"getParentID As String"},{"name":"getHere","signature":"getHere() As String"},{"name":"setVisible","signature":"setVisible(b As Boolean)"},{"name":"getVisible","signature":"getVisible As Boolean"},{"name":"setEnabled","signature":"setEnabled(b As Boolean)"},{"name":"getEnabled","signature":"getEnabled As Boolean"},{"name":"setPositionStyle","signature":"setPositionStyle(s As String)"},{"name":"getPositionStyle","signature":"getPositionStyle As String"},{"name":"setPosition","signature":"setPosition(s As String)"},{"name":"getPosition","signature":"getPosition As String"},{"name":"setAttributes","signature":"setAttributes(s As String)"},{"name":"setStyles","signature":"setStyles(s As String)"},{"name":"setClasses","signature":"setClasses(s As String)"},{"name":"setPaddingAXYTBLR","signature":"setPaddingAXYTBLR(s As String)"},{"name":"setMarginAXYTBLR","signature":"setMarginAXYTBLR(s As String)"},{"name":"getAttributes","signature":"getAttributes As String"},{"name":"getStyles","signature":"getStyles As String"},{"name":"getClasses","signature":"getClasses As String"},{"name":"getPaddingAXYTBLR","signature":"getPaddingAXYTBLR As String"},{"name":"getMarginAXYTBLR","signature":"getMarginAXYTBLR As String"},{"name":"DesignerCreateView","signature":"DesignerCreateView (Target As BANanoElement, Props As Map)"},{"name":"setClearContents","signature":"setClearContents(b As Boolean)"},{"name":"getClearContents","signature":"getClearContents As Boolean"},{"name":"setIconSize","signature":"setIconSize(s As String)"},{"name":"getIconSize","signature":"getIconSize As String"},{"name":"setBadgeColor\t\t\t\t\t","signature":"setBadgeColor(s As String)\t\t\t\t\t"},{"name":"setBadgeSize","signature":"setBadgeSize(s As String)"},{"name":"getBadgeColor","signature":"getBadgeColor As String"},{"name":"getBadgeSize","signature":"getBadgeSize As String"},{"name":"setOptions\t\t\t","signature":"setOptions(s As String)\t\t\t"},{"name":"ContentAt","signature":"ContentAt(key As String) As String"},{"name":"getOptions","signature":"getOptions As String"},{"name":"AddOption","signature":"AddOption(sKey As String, sText As String)"},{"name":"AddTabItem","signature":"AddTabItem(sKey As String, sText As String, sIcon As String, sBadge As String) As SDUI5TabsItem"},{"name":"TabItem","signature":"TabItem(skey As String) As SDUI5TabsItem"},{"name":"setActive\t\t\t","signature":"setActive(item As String)\t\t\t"},{"name":"getActive","signature":"getActive As String"},{"name":"Clear\t\t\t","signature":"Clear\t\t\t"},{"name":"setHeight","signature":"setHeight(s As String)"},{"name":"setPlacement","signature":"setPlacement(s As String)"},{"name":"setSize","signature":"setSize(s As String)"},{"name":"setStyle","signature":"setStyle(s As String)"},{"name":"setWidth","signature":"setWidth(s As String)"},{"name":"getHeight","signature":"getHeight As String"},{"name":"getPlacement","signature":"getPlacement As String"},{"name":"getSize","signature":"getSize As String"},{"name":"getStyle","signature":"getStyle As String"},{"name":"getWidth","signature":"getWidth As String"},{"name":"SetTabItemText","signature":"SetTabItemText(btnID As String, text As String)"},{"name":"SetTabItemIcon","signature":"SetTabItemIcon(btnID As String, text As String)"},{"name":"SetTabItemBadge","signature":"SetTabItemBadge(btnID As String, text As String)"},{"name":"SetTabItemActive","signature":"SetTabItemActive(btnID As String, b As Boolean)"}]}